step,community_0,community_1,community_2,community_3,community_4,community_5,community_6,community_7,community_9,community_10,community_12,community_13,community_14,community_15,community_16,community_17,community_19,community_23,community_31,community_34,community_35,community_39,community_41,community_45,community_48,community_49,community_51,community_52,community_53,community_60,community_61,community_66,community_76,community_81,community_82
0,0.0026,0.0041,0.0031,0.0040,0.0028,0.0035,0.0012,0.0038,0.0048,0.0033,0.0033,0.0023,0.0015,0.0023,0.0040,0.0047,0.0037,0.0038,0.0040,0.0022,0.0021,0.0040,0.0040,0.0045,0.0024,0.0033,0.0020,0.0060,0.0027,0.0049,0.0032,0.0025,0.0034,0.0049,0.0042
1,0.0024,0.0035,0.0027,0.0035,0.0025,0.0030,0.0010,0.0033,0.0042,0.0029,0.0029,0.0019,0.0013,0.0021,0.0035,0.0041,0.0033,0.0032,0.0036,0.0020,0.0018,0.0035,0.0034,0.0040,0.0021,0.0029,0.0018,0.0052,0.0024,0.0044,0.0028,0.0022,0.0030,0.0043,0.0036
2,0.0021,0.0031,0.0023,0.0031,0.0022,0.0026,0.0009,0.0029,0.0037,0.0025,0.0025,0.0017,0.0011,0.0019,0.0030,0.0036,0.0030,0.0027,0.0032,0.0018,0.0016,0.0032,0.0030,0.0035,0.0018,0.0025,0.0016,0.0045,0.0021,0.0039,0.0024,0.0019,0.0027,0.0037,0.0031
3,0.0019,0.0027,0.0020,0.0027,0.0020,0.0022,0.0008,0.0026,0.0033,0.0022,0.0022,0.0014,0.0010,0.0017,0.0026,0.0032,0.0027,0.0023,0.0029,0.0016,0.0014,0.0028,0.0026,0.0031,0.0016,0.0021,0.0015,0.0039,0.0018,0.0035,0.0021,0.0017,0.0024,0.0033,0.0027
4,0.0017,0.0024,0.0018,0.0024,0.0018,0.0020,0.0007,0.0023,0.0029,0.0020,0.0020,0.0012,0.0008,0.0015,0.0023,0.0029,0.0024,0.0020,0.0026,0.0015,0.0013,0.0025,0.0022,0.0028,0.0014,0.0019,0.0013,0.0034,0.0016,0.0031,0.0018,0.0015,0.0021,0.0029,0.0023
5,0.0015,0.0021,0.0015,0.0021,0.0016,0.0017,0.0006,0.0021,0.0026,0.0017,0.0017,0.0011,0.0007,0.0014,0.0020,0.0026,0.0022,0.0017,0.0024,0.0013,0.0012,0.0023,0.0019,0.0024,0.0012,0.0016,0.0012,0.0030,0.0014,0.0028,0.0016,0.0013,0.0019,0.0025,0.0020
6,0.0013,0.0018,0.0014,0.0019,0.0014,0.0016,0.0005,0.0018,0.0023,0.0015,0.0015,0.0009,0.0007,0.0012,0.0017,0.0023,0.0020,0.0015,0.0022,0.0012,0.0010,0.0020,0.0017,0.0022,0.0010,0.0014,0.0011,0.0026,0.0012,0.0025,0.0014,0.0012,0.0017,0.0022,0.0018
7,0.0012,0.0016,0.0012,0.0017,0.0013,0.0014,0.0005,0.0017,0.0021,0.0014,0.0013,0.0008,0.0006,0.0011,0.0015,0.0020,0.0018,0.0013,0.0020,0.0011,0.0009,0.0018,0.0015,0.0019,0.0009,0.0013,0.0010,0.0023,0.0011,0.0022,0.0012,0.0010,0.0016,0.0020,0.0015
8,0.0011,0.0014,0.0011,0.0015,0.0012,0.0013,0.0004,0.0015,0.0019,0.0012,0.0012,0.0007,0.0005,0.0010,0.0013,0.0018,0.0017,0.0011,0.0019,0.0010,0.0008,0.0016,0.0013,0.0017,0.0008,0.0011,0.0009,0.0020,0.0010,0.0020,0.0011,0.0009,0.0014,0.0017,0.0013
9,0.0010,0.0013,0.0009,0.0013,0.0011,0.0012,0.0004,0.0013,0.0017,0.0011,0.0011,0.0006,0.0005,0.0009,0.0012,0.0016,0.0015,0.0010,0.0017,0.0009,0.0008,0.0015,0.0011,0.0015,0.0007,0.0010,0.0008,0.0018,0.0009,0.0018,0.0010,0.0008,0.0013,0.0015,0.0012
10,0.0009,0.0011,0.0008,0.0012,0.0010,0.0012,0.0003,0.0012,0.0016,0.0010,0.0009,0.0005,0.0004,0.0008,0.0010,0.0015,0.0014,0.0008,0.0016,0.0009,0.0007,0.0014,0.0010,0.0014,0.0006,0.0009,0.0007,0.0015,0.0008,0.0016,0.0008,0.0007,0.0011,0.0014,0.0010
11,0.0008,0.0010,0.0007,0.0011,0.0009,0.0011,0.0003,0.0011,0.0014,0.0009,0.0008,0.0005,0.0004,0.0008,0.0009,0.0013,0.0013,0.0007,0.0015,0.0008,0.0006,0.0012,0.0009,0.0012,0.0005,0.0008,0.0007,0.0014,0.0007,0.0015,0.0007,0.0006,0.0010,0.0012,0.0009
12,0.0007,0.0009,0.0007,0.0009,0.0008,0.0011,0.0002,0.0010,0.0013,0.0008,0.0008,0.0004,0.0003,0.0007,0.0008,0.0012,0.0012,0.0007,0.0014,0.0008,0.0006,0.0011,0.0008,0.0011,0.0005,0.0007,0.0006,0.0012,0.0006,0.0013,0.0007,0.0006,0.0009,0.0011,0.0008
13,0.0006,0.0008,0.0006,0.0008,0.0008,0.0011,0.0002,0.0009,0.0012,0.0007,0.0007,0.0004,0.0003,0.0006,0.0007,0.0011,0.0011,0.0006,0.0013,0.0007,0.0005,0.0010,0.0007,0.0010,0.0004,0.0006,0.0006,0.0011,0.0006,0.0012,0.0006,0.0005,0.0008,0.0010,0.0007
14,0.0006,0.0007,0.0005,0.0008,0.0007,0.0011,0.0002,0.0008,0.0011,0.0006,0.0006,0.0003,0.0003,0.0006,0.0006,0.0010,0.0010,0.0005,0.0012,0.0007,0.0005,0.0009,0.0006,0.0009,0.0004,0.0006,0.0005,0.0009,0.0005,0.0011,0.0005,0.0004,0.0008,0.0009,0.0006
15,0.0005,0.0007,0.0005,0.0007,0.0007,0.0012,0.0002,0.0007,0.0010,0.0006,0.0006,0.0003,0.0003,0.0005,0.0006,0.0009,0.0009,0.0005,0.0011,0.0006,0.0004,0.0009,0.0006,0.0008,0.0003,0.0005,0.0005,0.0008,0.0004,0.0010,0.0004,0.0004,0.0007,0.0008,0.0005
16,0.0004,0.0006,0.0004,0.0006,0.0007,0.0013,0.0001,0.0007,0.0009,0.0005,0.0005,0.0002,0.0002,0.0005,0.0005,0.0008,0.0009,0.0004,0.0010,0.0006,0.0004,0.0008,0.0005,0.0007,0.0003,0.0005,0.0004,0.0008,0.0004,0.0009,0.0004,0.0004,0.0006,0.0007,0.0005
17,0.0004,0.0005,0.0004,0.0006,0.0006,0.0014,0.0001,0.0006,0.0009,0.0005,0.0005,0.0002,0.0002,0.0004,0.0004,0.0007,0.0008,0.0004,0.0010,0.0006,0.0004,0.0007,0.0005,0.0006,0.0003,0.0004,0.0004,0.0007,0.0004,0.0008,0.0004,0.0003,0.0006,0.0006,0.0004
18,0.0004,0.0005,0.0004,0.0005,0.0006,0.0015,0.0001,0.0006,0.0008,0.0004,0.0004,0.0002,0.0002,0.0004,0.0004,0.0007,0.0008,0.0003,0.0009,0.0006,0.0003,0.0007,0.0004,0.0005,0.0002,0.0004,0.0004,0.0006,0.0003,0.0007,0.0003,0.0003,0.0005,0.0006,0.0004
19,0.0003,0.0005,0.0003,0.0005,0.0006,0.0016,0.0001,0.0005,0.0007,0.0004,0.0004,0.0002,0.0002,0.0004,0.0004,0.0006,0.0007,0.0003,0.0009,0.0006,0.0003,0.0006,0.0004,0.0005,0.0002,0.0004,0.0003,0.0005,0.0003,0.0007,0.0003,0.0003,0.0005,0.0005,0.0003
20,0.0003,0.0004,0.0003,0.0004,0.0006,0.0018,0.0001,0.0005,0.0007,0.0003,0.0004,0.0002,0.0002,0.0004,0.0003,0.0005,0.0007,0.0003,0.0008,0.0005,0.0003,0.0006,0.0003,0.0004,0.0002,0.0003,0.0003,0.0005,0.0003,0.0006,0.0002,0.0002,0.0004,0.0005,0.0003
21,0.0003,0.0004,0.0003,0.0004,0.0006,0.0020,0.0001,0.0004,0.0006,0.0003,0.0003,0.0001,0.0002,0.0003,0.0003,0.0005,0.0006,0.0002,0.0008,0.0005,0.0003,0.0005,0.0003,0.0004,0.0002,0.0003,0.0003,0.0004,0.0002,0.0006,0.0002,0.0002,0.0004,0.0004,0.0003
22,0.0002,0.0004,0.0002,0.0004,0.0005,0.0022,0.0001,0.0004,0.0006,0.0003,0.0003,0.0001,0.0002,0.0003,0.0003,0.0005,0.0006,0.0002,0.0007,0.0005,0.0003,0.0005,0.0003,0.0004,0.0001,0.0003,0.0003,0.0004,0.0002,0.0005,0.0002,0.0002,0.0004,0.0004,0.0003
23,0.0002,0.0003,0.0002,0.0003,0.0005,0.0025,0.0001,0.0004,0.0006,0.0003,0.0003,0.0001,0.0002,0.0003,0.0002,0.0004,0.0005,0.0002,0.0007,0.0005,0.0003,0.0005,0.0003,0.0003,0.0001,0.0003,0.0003,0.0004,0.0002,0.0005,0.0002,0.0002,0.0004,0.0004,0.0002
24,0.0002,0.0003,0.0002,0.0003,0.0005,0.0028,0.0001,0.0003,0.0005,0.0002,0.0003,0.0001,0.0002,0.0003,0.0002,0.0004,0.0005,0.0002,0.0007,0.0005,0.0002,0.0004,0.0002,0.0003,0.0001,0.0002,0.0002,0.0003,0.0002,0.0004,0.0002,0.0002,0.0003,0.0003,0.0002
25,0.0002,0.0003,0.0002,0.0003,0.0005,0.0031,0.0000,0.0003,0.0005,0.0002,0.0003,0.0001,0.0002,0.0002,0.0002,0.0003,0.0005,0.0002,0.0006,0.0005,0.0002,0.0004,0.0002,0.0003,0.0001,0.0002,0.0002,0.0003,0.0002,0.0004,0.0001,0.0001,0.0003,0.0003,0.0002
26,0.0002,0.0003,0.0002,0.0003,0.0005,0.0035,0.0000,0.0003,0.0005,0.0002,0.0002,0.0001,0.0002,0.0002,0.0002,0.0003,0.0005,0.0002,0.0006,0.0005,0.0002,0.0004,0.0002,0.0002,0.0001,0.0002,0.0002,0.0003,0.0002,0.0004,0.0001,0.0001,0.0003,0.0003,0.0002
27,0.0001,0.0003,0.0002,0.0003,0.0006,0.0039,0.0000,0.0003,0.0004,0.0002,0.0002,0.0001,0.0002,0.0002,0.0002,0.0003,0.0004,0.0001,0.0006,0.0005,0.0002,0.0003,0.0002,0.0002,0.0001,0.0002,0.0002,0.0002,0.0001,0.0003,0.0001,0.0001,0.0003,0.0002,0.0002
28,0.0001,0.0003,0.0001,0.0003,0.0006,0.0043,0.0000,0.0003,0.0004,0.0002,0.0002,0.0001,0.0002,0.0002,0.0001,0.0003,0.0004,0.0001,0.0005,0.0005,0.0002,0.0003,0.0002,0.0002,0.0001,0.0002,0.0002,0.0002,0.0001,0.0003,0.0001,0.0001,0.0002,0.0002,0.0002
29,0.0001,0.0003,0.0001,0.0002,0.0006,0.0048,0.0000,0.0002,0.0004,0.0002,0.0002,0.0001,0.0002,0.0002,0.0001,0.0002,0.0004,0.0001,0.0005,0.0005,0.0002,0.0003,0.0002,0.0002,0.0001,0.0002,0.0002,0.0002,0.0001,0.0003,0.0001,0.0001,0.0002,0.0002,0.0002
30,0.0001,0.0003,0.0001,0.0002,0.0006,0.0054,0.0000,0.0002,0.0004,0.0002,0.0002,0.0001,0.0002,0.0002,0.0001,0.0002,0.0004,0.0001,0.0005,0.0005,0.0002,0.0003,0.0002,0.0002,0.0001,0.0001,0.0002,0.0002,0.0001,0.0003,0.0001,0.0001,0.0002,0.0002,0.0002
31,0.0001,0.0002,0.0001,0.0002,0.0006,0.0060,0.0000,0.0002,0.0003,0.0001,0.0002,0.0001,0.0002,0.0002,0.0001,0.0002,0.0003,0.0001,0.0005,0.0005,0.0002,0.0003,0.0002,0.0001,0.0001,0.0001,0.0001,0.0002,0.0001,0.0002,0.0001,0.0001,0.0002,0.0002,0.0002
32,0.0001,0.0002,0.0001,0.0002,0.0007,0.0067,0.0000,0.0002,0.0003,0.0001,0.0002,0.0000,0.0002,0.0002,0.0001,0.0002,0.0003,0.0001,0.0005,0.0005,0.0002,0.0003,0.0002,0.0001,0.0001,0.0001,0.0001,0.0002,0.0001,0.0002,0.0001,0.0001,0.0002,0.0002,0.0002
33,0.0001,0.0002,0.0001,0.0002,0.0007,0.0074,0.0000,0.0002,0.0003,0.0001,0.0002,0.0000,0.0002,0.0002,0.0001,0.0002,0.0003,0.0001,0.0004,0.0006,0.0002,0.0002,0.0002,0.0001,0.0001,0.0001,0.0001,0.0001,0.0001,0.0002,0.0001,0.0001,0.0002,0.0001,0.0002
34,0.0002,0.0002,0.0001,0.0002,0.0008,0.0081,0.0000,0.0002,0.0003,0.0001,0.0002,0.0000,0.0002,0.0002,0.0001,0.0002,0.0003,0.0001,0.0004,0.0006,0.0002,0.0002,0.0001,0.0001,0.0000,0.0001,0.0001,0.0001,0.0001,0.0002,0.0001,0.0001,0.0002,0.0001,0.0002
35,0.0002,0.0002,0.0001,0.0002,0.0008,0.0089,0.0000,0.0002,0.0003,0.0001,0.0002,0.0000,0.0002,0.0001,0.0001,0.0002,0.0003,0.0001,0.0004,0.0006,0.0002,0.0002,0.0001,0.0001,0.0000,0.0001,0.0001,0.0001,0.0001,0.0002,0.0000,0.0001,0.0002,0.0001,0.0003
36,0.0002,0.0002,0.0001,0.0002,0.0009,0.0097,0.0000,0.0002,0.0003,0.0001,0.0002,0.0000,0.0002,0.0001,0.0001,0.0001,0.0003,0.0001,0.0004,0.0006,0.0002,0.0002,0.0001,0.0001,0.0000,0.0001,0.0001,0.0001,0.0001,0.0002,0.0000,0.0001,0.0001,0.0001,0.0003
37,0.0002,0.0002,0.0001,0.0002,0.0009,0.0106,0.0000,0.0002,0.0002,0.0001,0.0002,0.0000,0.0002,0.0001,0.0001,0.0001,0.0003,0.0001,0.0004,0.0006,0.0002,0.0002,0.0001,0.0001,0.0000,0.0001,0.0001,0.0001,0.0001,0.0002,0.0000,0.0001,0.0001,0.0001,0.0003
38,0.0002,0.0003,0.0001,0.0002,0.0010,0.0115,0.0000,0.0001,0.0002,0.0001,0.0002,0.0000,0.0002,0.0001,0.0001,0.0001,0.0002,0.0001,0.0004,0.0007,0.0002,0.0002,0.0001,0.0001,0.0000,0.0001,0.0001,0.0001,0.0001,0.0001,0.0000,0.0002,0.0001,0.0001,0.0003
39,0.0003,0.0003,0.0001,0.0002,0.0011,0.0124,0.0000,0.0001,0.0002,0.0001,0.0002,0.0000,0.0002,0.0001,0.0001,0.0001,0.0002,0.0001,0.0003,0.0007,0.0002,0.0002,0.0001,0.0001,0.0000,0.0001,0.0001,0.0001,0.0001,0.0001,0.0000,0.0002,0.0001,0.0001,0.0003
40,0.0003,0.0003,0.0001,0.0002,0.0012,0.0134,0.0000,0.0001,0.0002,0.0001,0.0002,0.0000,0.0002,0.0001,0.0000,0.0001,0.0002,0.0001,0.0003,0.0007,0.0001,0.0002,0.0001,0.0001,0.0000,0.0001,0.0001,0.0001,0.0000,0.0001,0.0000,0.0002,0.0001,0.0001,0.0004
41,0.0003,0.0003,0.0001,0.0002,0.0013,0.0143,0.0000,0.0001,0.0002,0.0001,0.0002,0.0000,0.0002,0.0001,0.0000,0.0001,0.0002,0.0001,0.0003,0.0008,0.0001,0.0002,0.0001,0.0001,0.0000,0.0001,0.0001,0.0001,0.0000,0.0001,0.0000,0.0002,0.0001,0.0001,0.0004
42,0.0004,0.0003,0.0000,0.0002,0.0014,0.0153,0.0000,0.0001,0.0002,0.0001,0.0002,0.0000,0.0002,0.0001,0.0000,0.0001,0.0002,0.0000,0.0003,0.0008,0.0001,0.0002,0.0001,0.0001,0.0000,0.0001,0.0001,0.0001,0.0000,0.0001,0.0000,0.0002,0.0001,0.0001,0.0005
43,0.0004,0.0003,0.0000,0.0002,0.0015,0.0162,0.0000,0.0001,0.0002,0.0001,0.0002,0.0000,0.0002,0.0001,0.0000,0.0001,0.0002,0.0000,0.0003,0.0009,0.0001,0.0001,0.0001,0.0000,0.0000,0.0001,0.0001,0.0001,0.0000,0.0001,0.0000,0.0003,0.0001,0.0001,0.0005
44,0.0005,0.0003,0.0000,0.0002,0.0016,0.0171,0.0000,0.0001,0.0002,0.0001,0.0002,0.0000,0.0002,0.0001,0.0000,0.0001,0.0002,0.0000,0.0003,0.0009,0.0001,0.0001,0.0001,0.0000,0.0000,0.0001,0.0001,0.0001,0.0000,0.0001,0.0000,0.0003,0.0001,0.0001,0.0005
45,0.0005,0.0003,0.0000,0.0002,0.0018,0.0180,0.0000,0.0001,0.0002,0.0001,0.0002,0.0000,0.0002,0.0001,0.0000,0.0001,0.0002,0.0000,0.0003,0.0009,0.0001,0.0001,0.0001,0.0000,0.0000,0.0001,0.0001,0.0001,0.0000,0.0001,0.0000,0.0003,0.0001,0.0001,0.0006
46,0.0006,0.0003,0.0000,0.0002,0.0019,0.0189,0.0000,0.0001,0.0002,0.0001,0.0002,0.0000,0.0002,0.0001,0.0000,0.0001,0.0002,0.0000,0.0003,0.0010,0.0001,0.0001,0.0001,0.0000,0.0000,0.0000,0.0001,0.0001,0.0000,0.0001,0.0000,0.0004,0.0001,0.0001,0.0006
47,0.0007,0.0004,0.0000,0.0002,0.0020,0.0197,0.0000,0.0001,0.0001,0.0001,0.0002,0.0000,0.0002,0.0001,0.0000,0.0001,0.0002,0.0000,0.0003,0.0011,0.0001,0.0001,0.0001,0.0000,0.0000,0.0000,0.0001,0.0001,0.0000,0.0001,0.0000,0.0004,0.0001,0.0001,0.0007
48,0.0007,0.0004,0.0000,0.0002,0.0022,0.0205,0.0000,0.0001,0.0001,0.0002,0.0002,0.0000,0.0002,0.0001,0.0000,0.0001,0.0001,0.0000,0.0003,0.0011,0.0001,0.0001,0.0001,0.0000,0.0000,0.0000,0.0000,0.0001,0.0000,0.0001,0.0000,0.0004,0.0001,0.0001,0.0008
49,0.0008,0.0004,0.0000,0.0003,0.0023,0.0212,0.0000,0.0001,0.0001,0.0002,0.0002,0.0000,0.0003,0.0001,0.0000,0.0001,0.0001,0.0000,0.0003,0.0012,0.0001,0.0001,0.0001,0.0000,0.0000,0.0000,0.0000,0.0000,0.0000,0.0001,0.0000,0.0005,0.0001,0.0001,0.0008
50,0.0009,0.0004,0.0000,0.0003,0.0025,0.0218,0.0000,0.0001,0.0001,0.0002,0.0002,0.0000,0.0003,0.0001,0.0000,0.0001,0.0001,0.0000,0.0002,0.0012,0.0001,0.0001,0.0002,0.0000,0.0000,0.0000,0.0000,0.0000,0.0000,0.0001,0.0000,0.0005,0.0001,0.0001,0.0009
51,0.0010,0.0004,0.0000,0.0003,0.0027,0.0224,0.0000,0.0001,0.0001,0.0002,0.0002,0.0000,0.0003,0.0001,0.0000,0.0001,0.0001,0.0000,0.0002,0.0013,0.0001,0.0001,0.0002,0.0000,0.0000,0.0000,0.0000,0.0000,0.0000,0.0001,0.0000,0.0006,0.0001,0.0000,0.0010
52,0.0011,0.0005,0.0000,0.0003,0.0029,0.0230,0.0000,0.0001,0.0001,0.0002,0.0002,0.0000,0.0003,0.0001,0.0000,0.0000,0.0001,0.0000,0.0002,0.0014,0.0001,0.0001,0.0002,0.0000,0.0000,0.0000,0.0000,0.0000,0.0000,0.0001,0.0000,0.0006,0.0001,0.0000,0.0010
53,0.0012,0.0005,0.0000,0.0003,0.0030,0.0235,0.0000,0.0001,0.0001,0.0002,0.0002,0.0000,0.0003,0.0001,0.0000,0.0000,0.0001,0.0000,0.0002,0.0014,0.0001,0.0001,0.0002,0.0000,0.0000,0.0000,0.0000,0.0000,0.0000,0.0001,0.0000,0.0007,0.0001,0.0000,0.0011
54,0.0013,0.0005,0.0000,0.0003,0.0032,0.0239,0.0000,0.0001,0.0001,0.0003,0.0002,0.0000,0.0003,0.0001,0.0000,0.0000,0.0001,0.0000,0.0002,0.0015,0.0001,0.0001,0.0002,0.0000,0.0000,0.0000,0.0000,0.0000,0.0000,0.0001,0.0000,0.0007,0.0001,0.0000,0.0012
55,0.0013,0.0005,0.0000,0.0003,0.0034,0.0243,0.0000,0.0001,0.0001,0.0003,0.0002,0.0000,0.0003,0.0001,0.0000,0.0000,0.0001,0.0000,0.0002,0.0016,0.0001,0.0001,0.0002,0.0000,0.0000,0.0000,0.0000,0.0000,0.0000,0.0000,0.0000,0.0008,0.0001,0.0000,0.0013
56,0.0014,0.0006,0.0000,0.0003,0.0036,0.0246,0.0000,0.0001,0.0001,0.0003,0.0002,0.0000,0.0003,0.0001,0.0000,0.0000,0.0001,0.0000,0.0002,0.0016,0.0001,0.0001,0.0002,0.0000,0.0000,0.0000,0.0000,0.0000,0.0000,0.0000,0.0000,0.0008,0.0001,0.0000,0.0013
57,0.0015,0.0006,0.0000,0.0003,0.0038,0.0248,0.0000,0.0001,0.0001,0.0003,0.0002,0.0000,0.0003,0.0001,0.0000,0.0000,0.0001,0.0000,0.0002,0.0017,0.0001,0.0001,0.0002,0.0000,0.0000,0.0000,0.0000,0.0000,0.0000,0.0000,0.0000,0.0009,0.0001,0.0000,0.0014
58,0.0016,0.0006,0.0000,0.0003,0.0040,0.0251,0.0000,0.0001,0.0001,0.0003,0.0002,0.0000,0.0003,0.0001,0.0000,0.0000,0.0001,0.0000,0.0002,0.0018,0.0001,0.0001,0.0002,0.0000,0.0000,0.0000,0.0000,0.0000,0.0000,0.0000,0.0000,0.0010,0.0001,0.0000,0.0015
59,0.0018,0.0007,0.0000,0.0004,0.0041,0.0252,0.0000,0.0001,0.0001,0.0004,0.0002,0.0000,0.0003,0.0001,0.0000,0.0000,0.0001,0.0000,0.0002,0.0019,0.0001,0.0001,0.0002,0.0000,0.0000,0.0000,0.0000,0.0000,0.0000,0.0000,0.0000,0.0010,0.0001,0.0000,0.0016
60,0.0019,0.0007,0.0000,0.0004,0.0043,0.0253,0.0000,0.0001,0.0001,0.0004,0.0002,0.0000,0.0003,0.0001,0.0000,0.0000,0.0001,0.0000,0.0002,0.0019,0.0001,0.0001,0.0002,0.0000,0.0000,0.0000,0.0000,0.0000,0.0000,0.0000,0.0000,0.0011,0.0001,0.0000,0.0017
61,0.0020,0.0007,0.0000,0.0004,0.0045,0.0254,0.0000,0.0001,0.0001,0.0004,0.0002,0.0000,0.0003,0.0001,0.0000,0.0000,0.0001,0.0000,0.0002,0.0020,0.0001,0.0001,0.0002,0.0000,0.0000,0.0000,0.0000,0.0000,0.0000,0.0000,0.0000,0.0011,0.0001,0.0000,0.0018
62,0.0021,0.0008,0.0000,0.0004,0.0047,0.0255,0.0000,0.0001,0.0001,0.0005,0.0002,0.0000,0.0003,0.0001,0.0000,0.0000,0.0001,0.0000,0.0002,0.0021,0.0001,0.0001,0.0002,0.0000,0.0000,0.0000,0.0000,0.0000,0.0000,0.0000,0.0000,0.0012,0.0001,0.0000,0.0018
63,0.0022,0.0008,0.0000,0.0004,0.0049,0.0255,0.0000,0.0001,0.0001,0.0005,0.0002,0.0000,0.0003,0.0001,0.0000,0.0000,0.0001,0.0000,0.0002,0.0022,0.0001,0.0001,0.0002,0.0000,0.0000,0.0000,0.0000,0.0000,0.0000,0.0000,0.0000,0.0013,0.0001,0.0000,0.0019
64,0.0023,0.0008,0.0000,0.0004,0.0051,0.0255,0.0000,0.0001,0.0001,0.0005,0.0002,0.0000,0.0003,0.0001,0.0000,0.0000,0.0001,0.0000,0.0002,0.0022,0.0001,0.0001,0.0002,0.0000,0.0000,0.0000,0.0000,0.0000,0.0000,0.0000,0.0000,0.0013,0.0001,0.0000,0.0020
65,0.0024,0.0009,0.0000,0.0004,0.0053,0.0255,0.0000,0.0001,0.0001,0.0006,0.0002,0.0000,0.0003,0.0001,0.0000,0.0000,0.0001,0.0000,0.0002,0.0023,0.0001,0.0001,0.0002,0.0000,0.0000,0.0000,0.0000,0.0000,0.0000,0.0000,0.0000,0.0014,0.0001,0.0000,0.0021
66,0.0025,0.0009,0.0000,0.0005,0.0054,0.0254,0.0000,0.0001,0.0001,0.0006,0.0002,0.0000,0.0003,0.0001,0.0000,0.0000,0.0001,0.0000,0.0002,0.0024,0.0001,0.0001,0.0003,0.0000,0.0000,0.0000,0.0000,0.0000,0.0000,0.0000,0.0000,0.0015,0.0001,0.0000,0.0022
67,0.0026,0.0010,0.0000,0.0005,0.0056,0.0253,0.0000,0.0001,0.0001,0.0006,0.0002,0.0000,0.0003,0.0001,0.0000,0.0000,0.0001,0.0000,0.0002,0.0025,0.0001,0.0001,0.0003,0.0000,0.0000,0.0000,0.0000,0.0000,0.0000,0.0000,0.0000,0.0015,0.0001,0.0000,0.0023
68,0.0027,0.0010,0.0000,0.0005,0.0058,0.0252,0.0000,0.0001,0.0001,0.0007,0.0002,0.0000,0.0003,0.0001,0.0000,0.0000,0.0001,0.0000,0.0002,0.0025,0.0001,0.0001,0.0003,0.0000,0.0000,0.0000,0.0000,0.0000,0.0000,0.0000,0.0000,0.0016,0.0001,0.0000,0.0024
69,0.0028,0.0010,0.0000,0.0005,0.0059,0.0251,0.0000,0.0001,0.0001,0.0007,0.0002,0.0000,0.0003,0.0001,0.0000,0.0000,0.0001,0.0000,0.0002,0.0026,0.0001,0.0001,0.0003,0.0000,0.0000,0.0000,0.0000,0.0000,0.0000,0.0000,0.0000,0.0017,0.0001,0.0000,0.0024
70,0.0029,0.0011,0.0000,0.0005,0.0061,0.0250,0.0000,0.0001,0.0001,0.0007,0.0002,0.0000,0.0003,0.0001,0.0000,0.0000,0.0001,0.0000,0.0002,0.0027,0.0001,0.0001,0.0003,0.0000,0.0000,0.0000,0.0000,0.0000,0.0000,0.0000,0.0000,0.0017,0.0001,0.0000,0.0025
71,0.0030,0.0011,0.0000,0.0005,0.0063,0.0249,0.0000,0.0001,0.0001,0.0008,0.0002,0.0000,0.0003,0.0001,0.0000,0.0000,0.0001,0.0000,0.0002,0.0028,0.0001,0.0001,0.0003,0.0000,0.0000,0.0000,0.0000,0.0000,0.0000,0.0000,0.0000,0.0018,0.0001,0.0000,0.0026
72,0.0031,0.0012,0.0000,0.0006,0.0064,0.0247,0.0000,0.0001,0.0001,0.0008,0.0002,0.0000,0.0003,0.0001,0.0000,0.0000,0.0001,0.0000,0.0002,0.0028,0.0001,0.0001,0.0003,0.0000,0.0000,0.0000,0.0000,0.0000,0.0000,0.0000,0.0000,0.0019,0.0001,0.0000,0.0027
73,0.0032,0.0012,0.0000,0.0006,0.0066,0.0246,0.0000,0.0001,0.0000,0.0009,0.0002,0.0000,0.0003,0.0001,0.0000,0.0000,0.0001,0.0000,0.0002,0.0029,0.0001,0.0001,0.0003,0.0000,0.0000,0.0000,0.0000,0.0000,0.0000,0.0000,0.0001,0.0019,0.0001,0.0000,0.0028
74,0.0033,0.0012,0.0000,0.0006,0.0067,0.0244,0.0000,0.0001,0.0000,0.0009,0.0002,0.0000,0.0003,0.0001,0.0000,0.0000,0.0001,0.0000,0.0002,0.0030,0.0001,0.0001,0.0003,0.0000,0.0000,0.0000,0.0000,0.0000,0.0000,0.0000,0.0001,0.0020,0.0001,0.0000,0.0028
75,0.0034,0.0013,0.0000,0.0006,0.0069,0.0243,0.0000,0.0001,0.0000,0.0009,0.0002,0.0000,0.0004,0.0001,0.0000,0.0000,0.0001,0.0000,0.0002,0.0030,0.0001,0.0001,0.0004,0.0000,0.0000,0.0000,0.0000,0.0000,0.0000,0.0000,0.0001,0.0021,0.0001,0.0000,0.0029
76,0.0035,0.0013,0.0000,0.0007,0.0070,0.0241,0.0000,0.0001,0.0000,0.0010,0.0003,0.0000,0.0004,0.0001,0.0000,0.0000,0.0001,0.0000,0.0002,0.0031,0.0001,0.0001,0.0004,0.0000,0.0000,0.0000,0.0000,0.0000,0.0000,0.0000,0.0001,0.0021,0.0001,0.0000,0.0030
77,0.0036,0.0013,0.0000,0.0007,0.0071,0.0240,0.0000,0.0001,0.0000,0.0010,0.0003,0.0000,0.0004,0.0001,0.0000,0.0000,0.0001,0.0000,0.0002,0.0032,0.0001,0.0001,0.0004,0.0000,0.0000,0.0000,0.0000,0.0000,0.0000,0.0000,0.0001,0.0022,0.0001,0.0000,0.0031
78,0.0037,0.0014,0.0000,0.0007,0.0073,0.0238,0.0000,0.0001,0.0000,0.0011,0.0003,0.0000,0.0004,0.0001,0.0000,0.0000,0.0001,0.0000,0.0002,0.0032,0.0001,0.0001,0.0004,0.0000,0.0000,0.0000,0.0000,0.0000,0.0000,0.0000,0.0001,0.0023,0.0001,0.0000,0.0031
79,0.0038,0.0014,0.0000,0.0007,0.0074,0.0236,0.0000,0.0001,0.0000,0.0011,0.0003,0.0000,0.0004,0.0001,0.0000,0.0000,0.0001,0.0000,0.0002,0.0033,0.0001,0.0001,0.0004,0.0000,0.0000,0.0000,0.0000,0.0000,0.0000,0.0000,0.0001,0.0023,0.0001,0.0000,0.0032
80,0.0039,0.0015,0.0000,0.0008,0.0075,0.0235,0.0000,0.0001,0.0000,0.0012,0.0003,0.0000,0.0004,0.0001,0.0000,0.0000,0.0001,0.0000,0.0002,0.0033,0.0001,0.0000,0.0004,0.0000,0.0000,0.0000,0.0000,0.0000,0.0000,0.0000,0.0001,0.0024,0.0001,0.0000,0.0033
81,0.0040,0.0015,0.0000,0.0008,0.0076,0.0233,0.0000,0.0001,0.0000,0.0012,0.0003,0.0000,0.0004,0.0001,0.0000,0.0000,0.0001,0.0000,0.0002,0.0034,0.0001,0.0000,0.0005,0.0000,0.0000,0.0000,0.0000,0.0001,0.0000,0.0000,0.0001,0.0024,0.0001,0.0000,0.0034
82,0.0041,0.0015,0.0000,0.0008,0.0077,0.0232,0.0000,0.0001,0.0000,0.0013,0.0003,0.0000,0.0004,0.0001,0.0000,0.0000,0.0001,0.0000,0.0002,0.0035,0.0001,0.0000,0.0005,0.0001,0.0000,0.0000,0.0000,0.0001,0.0000,0.0000,0.0001,0.0025,0.0001,0.0000,0.0034
83,0.0042,0.0016,0.0000,0.0008,0.0078,0.0230,0.0000,0.0001,0.0000,0.0013,0.0003,0.0000,0.0004,0.0001,0.0000,0.0000,0.0001,0.0000,0.0002,0.0035,0.0001,0.0000,0.0005,0.0001,0.0000,0.0000,0.0000,0.0001,0.0000,0.0000,0.0001,0.0026,0.0001,0.0000,0.0035
84,0.0043,0.0016,0.0000,0.0009,0.0079,0.0229,0.0000,0.0001,0.0000,0.0013,0.0003,0.0000,0.0004,0.0001,0.0000,0.0000,0.0001,0.0000,0.0002,0.0036,0.0001,0.0000,0.0005,0.0001,0.0000,0.0000,0.0000,0.0001,0.0000,0.0000,0.0001,0.0026,0.0001,0.0000,0.0036
85,0.0043,0.0016,0.0000,0.0009,0.0080,0.0227,0.0000,0.0001,0.0000,0.0014,0.0003,0.0000,0.0004,0.0001,0.0000,0.0000,0.0002,0.0000,0.0002,0.0036,0.0001,0.0000,0.0005,0.0001,0.0000,0.0000,0.0000,0.0001,0.0000,0.0000,0.0001,0.0027,0.0001,0.0000,0.0036
86,0.0044,0.0017,0.0000,0.0009,0.0081,0.0226,0.0000,0.0001,0.0000,0.0014,0.0003,0.0000,0.0004,0.0001,0.0000,0.0000,0.0002,0.0000,0.0002,0.0037,0.0002,0.0000,0.0006,0.0001,0.0000,0.0000,0.0000,0.0001,0.0000,0.0000,0.0001,0.0027,0.0001,0.0000,0.0037
87,0.0045,0.0017,0.0000,0.0010,0.0082,0.0225,0.0000,0.0001,0.0000,0.0015,0.0003,0.0000,0.0004,0.0001,0.0000,0.0000,0.0002,0.0000,0.0002,0.0037,0.0002,0.0000,0.0006,0.0001,0.0001,0.0000,0.0000,0.0001,0.0000,0.0000,0.0001,0.0028,0.0001,0.0000,0.0037
88,0.0046,0.0017,0.0000,0.0010,0.0083,0.0223,0.0000,0.0001,0.0000,0.0015,0.0003,0.0000,0.0004,0.0001,0.0000,0.0000,0.0002,0.0000,0.0002,0.0038,0.0002,0.0000,0.0006,0.0001,0.0001,0.0000,0.0000,0.0001,0.0000,0.0000,0.0001,0.0028,0.0001,0.0000,0.0038
89,0.0047,0.0017,0.0000,0.0011,0.0084,0.0222,0.0000,0.0001,0.0000,0.0016,0.0003,0.0000,0.0004,0.0001,0.0000,0.0000,0.0002,0.0000,0.0002,0.0038,0.0002,0.0000,0.0006,0.0001,0.0001,0.0000,0.0000,0.0001,0.0000,0.0000,0.0001,0.0029,0.0001,0.0000,0.0039
90,0.0047,0.0018,0.0000,0.0011,0.0084,0.0221,0.0000,0.0001,0.0000,0.0016,0.0003,0.0000,0.0004,0.0001,0.0000,0.0000,0.0002,0.0000,0.0002,0.0039,0.0002,0.0000,0.0007,0.0001,0.0001,0.0000,0.0000,0.0001,0.0000,0.0000,0.0001,0.0029,0.0001,0.0000,0.0039
91,0.0048,0.0018,0.0000,0.0011,0.0085,0.0220,0.0000,0.0001,0.0000,0.0016,0.0003,0.0000,0.0004,0.0001,0.0000,0.0000,0.0002,0.0000,0.0002,0.0039,0.0002,0.0000,0.0007,0.0001,0.0001,0.0000,0.0000,0.0001,0.0000,0.0000,0.0001,0.0030,0.0001,0.0000,0.0040
92,0.0049,0.0018,0.0000,0.0012,0.0086,0.0219,0.0000,0.0001,0.0000,0.0017,0.0003,0.0000,0.0004,0.0001,0.0000,0.0000,0.0002,0.0000,0.0002,0.0039,0.0002,0.0000,0.0007,0.0001,0.0001,0.0000,0.0000,0.0001,0.0000,0.0000,0.0001,0.0030,0.0001,0.0000,0.0040
93,0.0049,0.0019,0.0000,0.0012,0.0086,0.0217,0.0000,0.0001,0.0000,0.0017,0.0003,0.0000,0.0004,0.0001,0.0000,0.0000,0.0002,0.0000,0.0002,0.0040,0.0002,0.0000,0.0008,0.0001,0.0001,0.0000,0.0000,0.0001,0.0000,0.0000,0.0001,0.0031,0.0001,0.0000,0.0041
94,0.0050,0.0019,0.0000,0.0013,0.0087,0.0216,0.0000,0.0001,0.0000,0.0018,0.0003,0.0000,0.0004,0.0001,0.0000,0.0000,0.0002,0.0000,0.0002,0.0040,0.0002,0.0000,0.0008,0.0001,0.0001,0.0000,0.0000,0.0001,0.0000,0.0000,0.0001,0.0031,0.0001,0.0000,0.0041
95,0.0051,0.0019,0.0000,0.0013,0.0088,0.0215,0.0000,0.0001,0.0000,0.0018,0.0003,0.0000,0.0004,0.0001,0.0000,0.0000,0.0002,0.0000,0.0002,0.0041,0.0002,0.0000,0.0008,0.0001,0.0001,0.0000,0.0000,0.0001,0.0000,0.0000,0.0001,0.0032,0.0001,0.0001,0.0042
96,0.0051,0.0019,0.0000,0.0013,0.0088,0.0214,0.0000,0.0001,0.0000,0.0019,0.0003,0.0000,0.0004,0.0001,0.0000,0.0000,0.0002,0.0000,0.0002,0.0041,0.0002,0.0000,0.0009,0.0001,0.0001,0.0000,0.0000,0.0001,0.0000,0.0000,0.0001,0.0032,0.0001,0.0001,0.0042
97,0.0052,0.0019,0.0000,0.0014,0.0089,0.0213,0.0000,0.0001,0.0000,0.0019,0.0004,0.0000,0.0004,0.0001,0.0000,0.0000,0.0002,0.0000,0.0003,0.0041,0.0002,0.0000,0.0009,0.0001,0.0001,0.0000,0.0000,0.0001,0.0000,0.0000,0.0001,0.0033,0.0001,0.0001,0.0042
98,0.0053,0.0020,0.0000,0.0014,0.0089,0.0213,0.0000,0.0001,0.0000,0.0019,0.0004,0.0000,0.0004,0.0001,0.0000,0.0000,0.0002,0.0000,0.0003,0.0042,0.0002,0.0000,0.0009,0.0001,0.0001,0.0000,0.0000,0.0001,0.0000,0.0000,0.0001,0.0033,0.0001,0.0001,0.0043
99,0.0053,0.0020,0.0000,0.0015,0.0090,0.0212,0.0000,0.0001,0.0000,0.0020,0.0004,0.0000,0.0004,0.0001,0.0000,0.0000,0.0002,0.0000,0.0003,0.0042,0.0002,0.0000,0.0010,0.0001,0.0001,0.0000,0.0000,0.0001,0.0000,0.0000,0.0001,0.0034,0.0001,0.0001,0.0043
100,0.0054,0.0020,0.0000,0.0016,0.0090,0.0211,0.0000,0.0001,0.0000,0.0020,0.0004,0.0000,0.0004,0.0001,0.0000,0.0000,0.0002,0.0000,0.0003,0.0042,0.0002,0.0000,0.0010,0.0001,0.0001,0.0000,0.0000,0.0001,0.0000,0.0000,0.0001,0.0034,0.0001,0.0001,0.0044
101,0.0054,0.0020,0.0000,0.0016,0.0091,0.0210,0.0000,0.0001,0.0000,0.0021,0.0004,0.0000,0.0005,0.0001,0.0000,0.0000,0.0002,0.0000,0.0003,0.0043,0.0002,0.0000,0.0010,0.0001,0.0001,0.0000,0.0000,0.0001,0.0000,0.0000,0.0001,0.0035,0.0001,0.0001,0.0044
102,0.0055,0.0020,0.0000,0.0017,0.0091,0.0209,0.0000,0.0001,0.0000,0.0021,0.0004,0.0000,0.0005,0.0001,0.0000,0.0000,0.0002,0.0000,0.0003,0.0043,0.0002,0.0000,0.0011,0.0001,0.0001,0.0000,0.0000,0.0001,0.0000,0.0000,0.0001,0.0035,0.0001,0.0001,0.0045
103,0.0055,0.0021,0.0000,0.0017,0.0091,0.0209,0.0000,0.0001,0.0000,0.0021,0.0004,0.0000,0.0005,0.0001,0.0000,0.0000,0.0002,0.0000,0.0003,0.0043,0.0002,0.0000,0.0011,0.0001,0.0001,0.0000,0.0000,0.0001,0.0000,0.0000,0.0002,0.0036,0.0001,0.0001,0.0045
104,0.0056,0.0021,0.0000,0.0018,0.0092,0.0208,0.0000,0.0001,0.0000,0.0022,0.0004,0.0000,0.0005,0.0001,0.0000,0.0000,0.0003,0.0000,0.0003,0.0044,0.0002,0.0000,0.0012,0.0001,0.0001,0.0000,0.0000,0.0001,0.0000,0.0000,0.0002,0.0036,0.0001,0.0001,0.0045
105,0.0056,0.0021,0.0000,0.0018,0.0092,0.0207,0.0000,0.0001,0.0000,0.0022,0.0004,0.0000,0.0005,0.0001,0.0000,0.0000,0.0003,0.0000,0.0003,0.0044,0.0002,0.0000,0.0012,0.0001,0.0001,0.0000,0.0000,0.0001,0.0000,0.0000,0.0002,0.0037,0.0002,0.0001,0.0046
106,0.0057,0.0021,0.0000,0.0019,0.0092,0.0207,0.0000,0.0001,0.0000,0.0023,0.0004,0.0000,0.0005,0.0001,0.0000,0.0000,0.0003,0.0000,0.0003,0.0044,0.0002,0.0000,0.0013,0.0001,0.0001,0.0000,0.0000,0.0001,0.0000,0.0000,0.0002,0.0037,0.0002,0.0001,0.0046
107,0.0057,0.0021,0.0000,0.0020,0.0093,0.0206,0.0000,0.0001,0.0000,0.0023,0.0004,0.0000,0.0005,0.0001,0.0000,0.0000,0.0003,0.0000,0.0003,0.0044,0.0002,0.0000,0.0013,0.0001,0.0001,0.0000,0.0000,0.0001,0.0000,0.0000,0.0002,0.0037,0.0002,0.0001,0.0046
108,0.0058,0.0021,0.0000,0.0020,0.0093,0.0206,0.0000,0.0001,0.0000,0.0023,0.0004,0.0000,0.0005,0.0001,0.0000,0.0000,0.0003,0.0000,0.0003,0.0045,0.0002,0.0000,0.0014,0.0001,0.0001,0.0000,0.0000,0.0001,0.0000,0.0000,0.0002,0.0038,0.0002,0.0001,0.0047
109,0.0058,0.0022,0.0000,0.0021,0.0093,0.0205,0.0000,0.0001,0.0000,0.0024,0.0004,0.0000,0.0005,0.0001,0.0000,0.0000,0.0003,0.0000,0.0003,0.0045,0.0002,0.0000,0.0014,0.0001,0.0001,0.0000,0.0000,0.0001,0.0000,0.0000,0.0002,0.0038,0.0002,0.0001,0.0047
110,0.0059,0.0022,0.0000,0.0022,0.0094,0.0205,0.0000,0.0001,0.0000,0.0024,0.0004,0.0000,0.0005,0.0001,0.0000,0.0000,0.0003,0.0000,0.0003,0.0045,0.0002,0.0000,0.0015,0.0001,0.0001,0.0000,0.0000,0.0001,0.0000,0.0000,0.0002,0.0039,0.0002,0.0001,0.0047
111,0.0059,0.0022,0.0000,0.0023,0.0094,0.0204,0.0000,0.0001,0.0000,0.0025,0.0004,0.0000,0.0005,0.0001,0.0000,0.0000,0.0003,0.0000,0.0003,0.0045,0.0002,0.0000,0.0016,0.0001,0.0001,0.0000,0.0000,0.0001,0.0000,0.0000,0.0002,0.0039,0.0002,0.0001,0.0048
112,0.0060,0.0022,0.0000,0.0023,0.0094,0.0204,0.0000,0.0001,0.0000,0.0025,0.0004,0.0000,0.0005,0.0001,0.0000,0.0000,0.0003,0.0000,0.0003,0.0046,0.0002,0.0000,0.0016,0.0001,0.0001,0.0000,0.0000,0.0001,0.0000,0.0000,0.0002,0.0039,0.0002,0.0001,0.0048
113,0.0060,0.0022,0.0000,0.0024,0.0094,0.0203,0.0000,0.0001,0.0000,0.0025,0.0004,0.0000,0.0005,0.0001,0.0000,0.0000,0.0003,0.0000,0.0004,0.0046,0.0002,0.0000,0.0017,0.0001,0.0001,0.0000,0.0000,0.0002,0.0000,0.0000,0.0002,0.0040,0.0002,0.0001,0.0048
114,0.0061,0.0022,0.0000,0.0025,0.0095,0.0203,0.0000,0.0001,0.0000,0.0026,0.0004,0.0000,0.0005,0.0001,0.0000,0.0000,0.0003,0.0000,0.0004,0.0046,0.0002,0.0000,0.0018,0.0001,0.0001,0.0000,0.0000,0.0002,0.0000,0.0000,0.0002,0.0040,0.0002,0.0001,0.0048
115,0.0061,0.0022,0.0000,0.0026,0.0095,0.0203,0.0000,0.0001,0.0000,0.0026,0.0004,0.0000,0.0005,0.0001,0.0000,0.0000,0.0003,0.0000,0.0004,0.0046,0.0002,0.0000,0.0018,0.0001,0.0001,0.0000,0.0000,0.0002,0.0000,0.0000,0.0002,0.0040,0.0002,0.0001,0.0049
116,0.0061,0.0022,0.0000,0.0026,0.0095,0.0202,0.0000,0.0001,0.0000,0.0026,0.0004,0.0000,0.0005,0.0001,0.0000,0.0000,0.0003,0.0000,0.0004,0.0046,0.0002,0.0000,0.0019,0.0001,0.0001,0.0000,0.0000,0.0002,0.0000,0.0000,0.0002,0.0041,0.0002,0.0001,0.0049
117,0.0062,0.0022,0.0000,0.0027,0.0095,0.0202,0.0000,0.0001,0.0000,0.0027,0.0004,0.0000,0.0005,0.0001,0.0000,0.0000,0.0003,0.0000,0.0004,0.0047,0.0002,0.0000,0.0020,0.0001,0.0001,0.0000,0.0000,0.0002,0.0000,0.0000,0.0002,0.0041,0.0002,0.0001,0.0049
118,0.0062,0.0023,0.0000,0.0028,0.0095,0.0201,0.0000,0.0001,0.0000,0.0027,0.0005,0.0000,0.0005,0.0001,0.0000,0.0000,0.0003,0.0000,0.0004,0.0047,0.0002,0.0000,0.0021,0.0001,0.0001,0.0000,0.0000,0.0002,0.0000,0.0000,0.0002,0.0042,0.0002,0.0001,0.0049
119,0.0063,0.0023,0.0000,0.0029,0.0095,0.0201,0.0000,0.0001,0.0000,0.0027,0.0005,0.0000,0.0005,0.0001,0.0000,0.0000,0.0003,0.0000,0.0004,0.0047,0.0002,0.0000,0.0021,0.0001,0.0001,0.0000,0.0000,0.0002,0.0000,0.0000,0.0002,0.0042,0.0002,0.0001,0.0050
120,0.0063,0.0023,0.0000,0.0030,0.0095,0.0201,0.0000,0.0001,0.0000,0.0028,0.0005,0.0000,0.0005,0.0001,0.0000,0.0000,0.0003,0.0000,0.0004,0.0047,0.0002,0.0000,0.0022,0.0002,0.0001,0.0000,0.0000,0.0002,0.0000,0.0000,0.0002,0.0042,0.0003,0.0001,0.0050
121,0.0063,0.0023,0.0001,0.0031,0.0096,0.0201,0.0000,0.0001,0.0000,0.0028,0.0005,0.0000,0.0006,0.0001,0.0000,0.0000,0.0004,0.0000,0.0004,0.0047,0.0002,0.0000,0.0023,0.0002,0.0001,0.0000,0.0000,0.0002,0.0000,0.0000,0.0002,0.0043,0.0003,0.0001,0.0050
122,0.0064,0.0023,0.0001,0.0032,0.0096,0.0200,0.0000,0.0001,0.0000,0.0028,0.0005,0.0000,0.0006,0.0001,0.0000,0.0000,0.0004,0.0000,0.0004,0.0048,0.0002,0.0000,0.0024,0.0002,0.0001,0.0000,0.0000,0.0002,0.0000,0.0000,0.0002,0.0043,0.0003,0.0001,0.0050
123,0.0064,0.0023,0.0001,0.0033,0.0096,0.0200,0.0000,0.0001,0.0000,0.0029,0.0005,0.0000,0.0006,0.0001,0.0000,0.0000,0.0004,0.0000,0.0004,0.0048,0.0002,0.0000,0.0025,0.0002,0.0001,0.0000,0.0000,0.0002,0.0000,0.0000,0.0002,0.0043,0.0003,0.0001,0.0050
124,0.0064,0.0023,0.0001,0.0034,0.0096,0.0200,0.0000,0.0001,0.0000,0.0029,0.0005,0.0000,0.0006,0.0001,0.0000,0.0000,0.0004,0.0000,0.0005,0.0048,0.0002,0.0000,0.0026,0.0002,0.0001,0.0000,0.0000,0.0002,0.0000,0.0000,0.0002,0.0044,0.0003,0.0001,0.0051
125,0.0065,0.0023,0.0001,0.0035,0.0096,0.0200,0.0000,0.0001,0.0000,0.0029,0.0005,0.0000,0.0006,0.0001,0.0000,0.0000,0.0004,0.0000,0.0005,0.0048,0.0002,0.0000,0.0027,0.0002,0.0001,0.0000,0.0000,0.0002,0.0000,0.0000,0.0002,0.0044,0.0003,0.0001,0.0051
126,0.0065,0.0023,0.0001,0.0036,0.0096,0.0199,0.0000,0.0001,0.0000,0.0030,0.0005,0.0001,0.0006,0.0001,0.0000,0.0000,0.0004,0.0000,0.0005,0.0048,0.0002,0.0000,0.0028,0.0002,0.0001,0.0000,0.0000,0.0002,0.0000,0.0000,0.0002,0.0044,0.0003,0.0001,0.0051
127,0.0065,0.0023,0.0001,0.0037,0.0096,0.0199,0.0000,0.0001,0.0000,0.0030,0.0005,0.0001,0.0006,0.0001,0.0000,0.0000,0.0004,0.0000,0.0005,0.0049,0.0002,0.0000,0.0029,0.0002,0.0001,0.0000,0.0000,0.0002,0.0000,0.0000,0.0003,0.0045,0.0003,0.0001,0.0051
128,0.0066,0.0023,0.0001,0.0038,0.0096,0.0199,0.0000,0.0001,0.0000,0.0030,0.0005,0.0001,0.0006,0.0001,0.0000,0.0000,0.0004,0.0000,0.0005,0.0049,0.0002,0.0000,0.0030,0.0002,0.0001,0.0000,0.0000,0.0003,0.0000,0.0000,0.0003,0.0045,0.0003,0.0001,0.0051
129,0.0066,0.0023,0.0001,0.0039,0.0096,0.0199,0.0000,0.0001,0.0000,0.0031,0.0005,0.0001,0.0006,0.0001,0.0000,0.0000,0.0004,0.0000,0.0005,0.0049,0.0003,0.0000,0.0031,0.0002,0.0001,0.0000,0.0000,0.0003,0.0000,0.0000,0.0003,0.0045,0.0003,0.0001,0.0052
130,0.0066,0.0023,0.0001,0.0040,0.0096,0.0199,0.0000,0.0001,0.0000,0.0031,0.0005,0.0001,0.0006,0.0001,0.0000,0.0000,0.0004,0.0000,0.0005,0.0049,0.0003,0.0000,0.0032,0.0002,0.0001,0.0000,0.0000,0.0003,0.0000,0.0000,0.0003,0.0046,0.0004,0.0002,0.0052
131,0.0067,0.0023,0.0001,0.0042,0.0096,0.0198,0.0000,0.0001,0.0000,0.0031,0.0005,0.0001,0.0006,0.0001,0.0000,0.0000,0.0004,0.0000,0.0006,0.0049,0.0003,0.0000,0.0034,0.0002,0.0001,0.0000,0.0000,0.0003,0.0000,0.0000,0.0003,0.0046,0.0004,0.0002,0.0052
132,0.0067,0.0023,0.0001,0.0043,0.0096,0.0198,0.0000,0.0001,0.0000,0.0032,0.0006,0.0001,0.0006,0.0001,0.0000,0.0000,0.0004,0.0000,0.0006,0.0049,0.0003,0.0000,0.0035,0.0002,0.0001,0.0000,0.0000,0.0003,0.0000,0.0000,0.0003,0.0046,0.0004,0.0002,0.0052
133,0.0067,0.0023,0.0001,0.0044,0.0096,0.0198,0.0000,0.0001,0.0000,0.0032,0.0006,0.0001,0.0006,0.0001,0.0000,0.0000,0.0004,0.0000,0.0006,0.0050,0.0003,0.0000,0.0036,0.0002,0.0001,0.0000,0.0000,0.0003,0.0000,0.0000,0.0003,0.0046,0.0004,0.0002,0.0052
134,0.0068,0.0023,0.0001,0.0045,0.0097,0.0198,0.0000,0.0001,0.0000,0.0032,0.0006,0.0001,0.0006,0.0001,0.0000,0.0000,0.0004,0.0000,0.0006,0.0050,0.0003,0.0000,0.0037,0.0002,0.0001,0.0000,0.0000,0.0003,0.0000,0.0000,0.0003,0.0047,0.0004,0.0002,0.0053
135,0.0068,0.0023,0.0001,0.0046,0.0097,0.0198,0.0000,0.0001,0.0000,0.0033,0.0006,0.0001,0.0007,0.0001,0.0000,0.0000,0.0004,0.0000,0.0006,0.0050,0.0003,0.0000,0.0039,0.0002,0.0001,0.0000,0.0000,0.0003,0.0000,0.0000,0.0003,0.0047,0.0004,0.0002,0.0053
136,0.0068,0.0024,0.0001,0.0048,0.0097,0.0198,0.0000,0.0001,0.0000,0.0033,0.0006,0.0001,0.0007,0.0001,0.0000,0.0000,0.0004,0.0000,0.0006,0.0050,0.0003,0.0000,0.0040,0.0002,0.0001,0.0000,0.0000,0.0003,0.0000,0.0000,0.0003,0.0047,0.0004,0.0002,0.0053
137,0.0068,0.0024,0.0001,0.0049,0.0097,0.0198,0.0000,0.0001,0.0000,0.0033,0.0006,0.0001,0.0007,0.0001,0.0000,0.0000,0.0005,0.0000,0.0006,0.0050,0.0003,0.0000,0.0042,0.0002,0.0001,0.0000,0.0000,0.0003,0.0000,0.0000,0.0003,0.0048,0.0004,0.0002,0.0053
138,0.0069,0.0024,0.0001,0.0050,0.0097,0.0197,0.0000,0.0000,0.0000,0.0033,0.0006,0.0001,0.0007,0.0001,0.0000,0.0000,0.0005,0.0000,0.0007,0.0050,0.0003,0.0000,0.0043,0.0002,0.0001,0.0000,0.0000,0.0004,0.0000,0.0000,0.0003,0.0048,0.0005,0.0002,0.0053
139,0.0069,0.0024,0.0001,0.0052,0.0097,0.0197,0.0000,0.0000,0.0000,0.0034,0.0006,0.0001,0.0007,0.0001,0.0000,0.0000,0.0005,0.0000,0.0007,0.0051,0.0003,0.0000,0.0045,0.0002,0.0001,0.0000,0.0000,0.0004,0.0000,0.0000,0.0003,0.0048,0.0005,0.0002,0.0053
140,0.0069,0.0024,0.0001,0.0053,0.0097,0.0197,0.0000,0.0000,0.0000,0.0034,0.0006,0.0001,0.0007,0.0001,0.0000,0.0000,0.0005,0.0000,0.0007,0.0051,0.0003,0.0001,0.0046,0.0003,0.0001,0.0000,0.0000,0.0004,0.0000,0.0000,0.0003,0.0049,0.0005,0.0002,0.0053
141,0.0070,0.0024,0.0001,0.0054,0.0097,0.0197,0.0000,0.0000,0.0000,0.0034,0.0007,0.0001,0.0007,0.0001,0.0000,0.0000,0.0005,0.0000,0.0007,0.0051,0.0003,0.0001,0.0048,0.0003,0.0001,0.0000,0.0000,0.0004,0.0001,0.0000,0.0003,0.0049,0.0005,0.0002,0.0054
142,0.0070,0.0024,0.0001,0.0056,0.0097,0.0197,0.0000,0.0000,0.0000,0.0035,0.0007,0.0001,0.0007,0.0001,0.0000,0.0000,0.0005,0.0000,0.0007,0.0051,0.0003,0.0001,0.0050,0.0003,0.0001,0.0000,0.0000,0.0004,0.0001,0.0000,0.0003,0.0049,0.0005,0.0002,0.0054
143,0.0070,0.0024,0.0001,0.0057,0.0097,0.0197,0.0000,0.0000,0.0000,0.0035,0.0007,0.0001,0.0007,0.0002,0.0000,0.0000,0.0005,0.0000,0.0008,0.0051,0.0003,0.0001,0.0051,0.0003,0.0001,0.0000,0.0000,0.0004,0.0001,0.0000,0.0003,0.0049,0.0005,0.0002,0.0054
144,0.0070,0.0024,0.0001,0.0058,0.0097,0.0197,0.0000,0.0000,0.0000,0.0035,0.0007,0.0001,0.0007,0.0002,0.0000,0.0000,0.0005,0.0000,0.0008,0.0052,0.0003,0.0001,0.0053,0.0003,0.0001,0.0000,0.0000,0.0004,0.0001,0.0000,0.0003,0.0050,0.0005,0.0002,0.0054
145,0.0071,0.0024,0.0001,0.0060,0.0097,0.0197,0.0000,0.0000,0.0000,0.0035,0.0007,0.0001,0.0007,0.0002,0.0000,0.0000,0.0005,0.0000,0.0008,0.0052,0.0003,0.0001,0.0055,0.0003,0.0001,0.0000,0.0000,0.0004,0.0001,0.0000,0.0003,0.0050,0.0006,0.0003,0.0054
146,0.0071,0.0024,0.0001,0.0061,0.0097,0.0197,0.0000,0.0000,0.0000,0.0036,0.0007,0.0001,0.0008,0.0002,0.0000,0.0000,0.0005,0.0000,0.0008,0.0052,0.0004,0.0001,0.0057,0.0003,0.0001,0.0000,0.0000,0.0005,0.0001,0.0000,0.0003,0.0050,0.0006,0.0003,0.0054
147,0.0071,0.0024,0.0001,0.0063,0.0097,0.0197,0.0000,0.0000,0.0000,0.0036,0.0008,0.0001,0.0008,0.0002,0.0000,0.0000,0.0005,0.0000,0.0008,0.0052,0.0004,0.0001,0.0059,0.0003,0.0001,0.0000,0.0000,0.0005,0.0001,0.0000,0.0004,0.0051,0.0006,0.0003,0.0054
148,0.0071,0.0024,0.0001,0.0064,0.0097,0.0196,0.0000,0.0000,0.0000,0.0036,0.0008,0.0001,0.0008,0.0002,0.0000,0.0000,0.0005,0.0000,0.0009,0.0052,0.0004,0.0001,0.0061,0.0003,0.0001,0.0000,0.0000,0.0005,0.0001,0.0000,0.0004,0.0051,0.0006,0.0003,0.0054
149,0.0072,0.0024,0.0001,0.0066,0.0097,0.0196,0.0000,0.0000,0.0000,0.0037,0.0008,0.0001,0.0008,0.0002,0.0000,0.0000,0.0005,0.0000,0.0009,0.0053,0.0004,0.0001,0.0062,0.0003,0.0001,0.0000,0.0000,0.0005,0.0001,0.0000,0.0004,0.0051,0.0006,0.0003,0.0055
150,0.0072,0.0024,0.0001,0.0067,0.0096,0.0196,0.0000,0.0000,0.0000,0.0037,0.0008,0.0001,0.0008,0.0002,0.0000,0.0000,0.0005,0.0000,0.0009,0.0053,0.0004,0.0001,0.0064,0.0003,0.0001,0.0000,0.0000,0.0005,0.0001,0.0000,0.0004,0.0051,0.0006,0.0003,0.0055
151,0.0072,0.0024,0.0001,0.0069,0.0096,0.0196,0.0000,0.0000,0.0000,0.0037,0.0009,0.0001,0.0008,0.0002,0.0000,0.0000,0.0005,0.0000,0.0009,0.0053,0.0004,0.0001,0.0067,0.0003,0.0001,0.0000,0.0000,0.0005,0.0001,0.0000,0.0004,0.0052,0.0007,0.0003,0.0055
152,0.0072,0.0024,0.0001,0.0070,0.0096,0.0196,0.0000,0.0000,0.0000,0.0037,0.0009,0.0001,0.0008,0.0002,0.0000,0.0000,0.0005,0.0000,0.0010,0.0053,0.0004,0.0001,0.0069,0.0003,0.0001,0.0000,0.0000,0.0005,0.0001,0.0000,0.0004,0.0052,0.0007,0.0003,0.0055
153,0.0072,0.0024,0.0001,0.0072,0.0096,0.0196,0.0000,0.0000,0.0000,0.0038,0.0009,0.0001,0.0008,0.0002,0.0000,0.0000,0.0005,0.0000,0.0010,0.0053,0.0004,0.0001,0.0071,0.0003,0.0001,0.0001,0.0000,0.0006,0.0001,0.0000,0.0004,0.0052,0.0007,0.0003,0.0055
154,0.0073,0.0024,0.0001,0.0073,0.0096,0.0196,0.0000,0.0000,0.0000,0.0038,0.0009,0.0001,0.0008,0.0002,0.0000,0.0000,0.0006,0.0000,0.0010,0.0054,0.0004,0.0001,0.0073,0.0004,0.0001,0.0001,0.0000,0.0006,0.0001,0.0000,0.0004,0.0052,0.0007,0.0003,0.0055
155,0.0073,0.0024,0.0001,0.0075,0.0096,0.0196,0.0000,0.0000,0.0000,0.0038,0.0010,0.0001,0.0009,0.0002,0.0000,0.0000,0.0006,0.0000,0.0011,0.0054,0.0004,0.0001,0.0075,0.0004,0.0001,0.0001,0.0000,0.0006,0.0001,0.0000,0.0004,0.0053,0.0007,0.0003,0.0055
156,0.0073,0.0024,0.0001,0.0076,0.0096,0.0196,0.0000,0.0000,0.0000,0.0038,0.0010,0.0001,0.0009,0.0002,0.0000,0.0000,0.0006,0.0000,0.0011,0.0054,0.0004,0.0001,0.0077,0.0004,0.0001,0.0001,0.0000,0.0006,0.0001,0.0000,0.0004,0.0053,0.0008,0.0004,0.0055
157,0.0073,0.0024,0.0002,0.0078,0.0096,0.0196,0.0000,0.0000,0.0000,0.0039,0.0010,0.0001,0.0009,0.0002,0.0000,0.0000,0.0006,0.0000,0.0011,0.0054,0.0005,0.0001,0.0080,0.0004,0.0001,0.0001,0.0000,0.0006,0.0001,0.0000,0.0004,0.0053,0.0008,0.0004,0.0055
158,0.0074,0.0024,0.0002,0.0079,0.0096,0.0196,0.0000,0.0000,0.0000,0.0039,0.0011,0.0001,0.0009,0.0003,0.0000,0.0000,0.0006,0.0000,0.0011,0.0055,0.0005,0.0001,0.0082,0.0004,0.0001,0.0001,0.0000,0.0006,0.0001,0.0000,0.0004,0.0054,0.0008,0.0004,0.0056
159,0.0074,0.0024,0.0002,0.0081,0.0096,0.0196,0.0000,0.0000,0.0000,0.0039,0.0011,0.0001,0.0009,0.0003,0.0000,0.0000,0.0006,0.0000,0.0012,0.0055,0.0005,0.0001,0.0084,0.0004,0.0001,0.0001,0.0000,0.0007,0.0001,0.0000,0.0004,0.0054,0.0008,0.0004,0.0056
160,0.0074,0.0024,0.0002,0.0082,0.0096,0.0196,0.0000,0.0000,0.0000,0.0039,0.0011,0.0001,0.0009,0.0003,0.0000,0.0000,0.0006,0.0000,0.0012,0.0055,0.0005,0.0001,0.0087,0.0004,0.0001,0.0001,0.0000,0.0007,0.0001,0.0000,0.0004,0.0054,0.0008,0.0004,0.0056
161,0.0074,0.0024,0.0002,0.0084,0.0096,0.0196,0.0000,0.0000,0.0000,0.0040,0.0012,0.0001,0.0009,0.0003,0.0000,0.0000,0.0006,0.0000,0.0012,0.0055,0.0005,0.0001,0.0089,0.0004,0.0001,0.0001,0.0000,0.0007,0.0001,0.0000,0.0004,0.0054,0.0009,0.0004,0.0056
162,0.0074,0.0024,0.0002,0.0085,0.0096,0.0196,0.0000,0.0000,0.0000,0.0040,0.0012,0.0001,0.0010,0.0003,0.0000,0.0000,0.0006,0.0000,0.0013,0.0056,0.0005,0.0001,0.0092,0.0004,0.0001,0.0001,0.0000,0.0007,0.0001,0.0000,0.0004,0.0055,0.0009,0.0004,0.0056
163,0.0075,0.0024,0.0002,0.0087,0.0096,0.0196,0.0000,0.0000,0.0000,0.0040,0.0013,0.0001,0.0010,0.0003,0.0000,0.0000,0.0006,0.0000,0.0013,0.0056,0.0005,0.0001,0.0094,0.0004,0.0002,0.0001,0.0000,0.0007,0.0001,0.0000,0.0004,0.0055,0.0009,0.0004,0.0056
164,0.0075,0.0024,0.0002,0.0088,0.0096,0.0195,0.0000,0.0000,0.0000,0.0040,0.0013,0.0001,0.0010,0.0003,0.0000,0.0000,0.0006,0.0000,0.0013,0.0056,0.0005,0.0001,0.0097,0.0004,0.0002,0.0001,0.0000,0.0007,0.0001,0.0000,0.0004,0.0055,0.0009,0.0005,0.0056
165,0.0075,0.0024,0.0002,0.0090,0.0096,0.0195,0.0000,0.0000,0.0000,0.0041,0.0014,0.0001,0.0010,0.0003,0.0000,0.0000,0.0006,0.0000,0.0014,0.0057,0.0005,0.0001,0.0099,0.0004,0.0002,0.0001,0.0000,0.0008,0.0001,0.0000,0.0005,0.0056,0.0009,0.0005,0.0056
166,0.0075,0.0024,0.0002,0.0091,0.0096,0.0195,0.0000,0.0000,0.0000,0.0041,0.0014,0.0001,0.0010,0.0003,0.0000,0.0000,0.0006,0.0000,0.0014,0.0057,0.0006,0.0001,0.0102,0.0005,0.0002,0.0001,0.0000,0.0008,0.0001,0.0000,0.0005,0.0056,0.0010,0.0005,0.0056
167,0.0075,0.0024,0.0002,0.0092,0.0096,0.0195,0.0000,0.0000,0.0000,0.0041,0.0015,0.0001,0.0010,0.0003,0.0000,0.0000,0.0006,0.0000,0.0015,0.0057,0.0006,0.0001,0.0104,0.0005,0.0002,0.0001,0.0000,0.0008,0.0002,0.0000,0.0005,0.0056,0.0010,0.0005,0.0056
168,0.0076,0.0024,0.0002,0.0094,0.0096,0.0195,0.0000,0.0000,0.0000,0.0041,0.0016,0.0001,0.0010,0.0004,0.0000,0.0000,0.0006,0.0000,0.0015,0.0058,0.0006,0.0001,0.0107,0.0005,0.0002,0.0001,0.0000,0.0008,0.0002,0.0001,0.0005,0.0056,0.0010,0.0005,0.0057
169,0.0076,0.0024,0.0002,0.0095,0.0096,0.0195,0.0000,0.0000,0.0000,0.0042,0.0016,0.0001,0.0011,0.0004,0.0000,0.0000,0.0006,0.0000,0.0015,0.0058,0.0006,0.0001,0.0110,0.0005,0.0002,0.0001,0.0000,0.0008,0.0002,0.0001,0.0005,0.0057,0.0010,0.0005,0.0057
170,0.0076,0.0024,0.0002,0.0097,0.0096,0.0195,0.0000,0.0000,0.0000,0.0042,0.0017,0.0001,0.0011,0.0004,0.0000,0.0000,0.0006,0.0000,0.0016,0.0058,0.0006,0.0001,0.0112,0.0005,0.0002,0.0001,0.0000,0.0009,0.0002,0.0001,0.0005,0.0057,0.0011,0.0005,0.0057
171,0.0076,0.0024,0.0002,0.0098,0.0095,0.0195,0.0000,0.0000,0.0000,0.0042,0.0017,0.0001,0.0011,0.0004,0.0000,0.0000,0.0007,0.0000,0.0016,0.0059,0.0006,0.0001,0.0115,0.0005,0.0002,0.0001,0.0000,0.0009,0.0002,0.0001,0.0005,0.0057,0.0011,0.0006,0.0057
172,0.0076,0.0024,0.0003,0.0100,0.0095,0.0195,0.0000,0.0000,0.0000,0.0042,0.0018,0.0001,0.0011,0.0004,0.0000,0.0000,0.0007,0.0000,0.0017,0.0059,0.0006,0.0001,0.0118,0.0005,0.0002,0.0001,0.0000,0.0009,0.0002,0.0001,0.0005,0.0058,0.0011,0.0006,0.0057
173,0.0077,0.0024,0.0003,0.0101,0.0095,0.0195,0.0000,0.0000,0.0000,0.0043,0.0019,0.0001,0.0011,0.0004,0.0000,0.0000,0.0007,0.0000,0.0017,0.0059,0.0007,0.0001,0.0120,0.0005,0.0002,0.0001,0.0000,0.0009,0.0002,0.0001,0.0005,0.0058,0.0011,0.0006,0.0057
174,0.0077,0.0024,0.0003,0.0102,0.0095,0.0195,0.0000,0.0000,0.0000,0.0043,0.0020,0.0001,0.0011,0.0004,0.0000,0.0000,0.0007,0.0000,0.0018,0.0060,0.0007,0.0001,0.0123,0.0005,0.0002,0.0001,0.0000,0.0009,0.0002,0.0001,0.0005,0.0058,0.0012,0.0006,0.0057
175,0.0077,0.0024,0.0003,0.0104,0.0095,0.0195,0.0000,0.0000,0.0000,0.0043,0.0021,0.0001,0.0012,0.0004,0.0000,0.0000,0.0007,0.0000,0.0018,0.0060,0.0007,0.0001,0.0126,0.0006,0.0002,0.0001,0.0000,0.0009,0.0002,0.0001,0.0005,0.0059,0.0012,0.0006,0.0057
176,0.0077,0.0024,0.0003,0.0105,0.0095,0.0195,0.0000,0.0000,0.0000,0.0043,0.0021,0.0002,0.0012,0.0005,0.0000,0.0000,0.0007,0.0000,0.0019,0.0060,0.0007,0.0001,0.0129,0.0006,0.0002,0.0001,0.0000,0.0010,0.0002,0.0001,0.0005,0.0059,0.0012,0.0006,0.0057
177,0.0077,0.0024,0.0003,0.0106,0.0095,0.0195,0.0000,0.0000,0.0000,0.0044,0.0022,0.0002,0.0012,0.0005,0.0000,0.0000,0.0007,0.0000,0.0019,0.0061,0.0007,0.0001,0.0131,0.0006,0.0002,0.0001,0.0000,0.0010,0.0002,0.0001,0.0005,0.0059,0.0012,0.0007,0.0057
178,0.0078,0.0024,0.0003,0.0108,0.0095,0.0195,0.0000,0.0000,0.0000,0.0044,0.0023,0.0002,0.0012,0.0005,0.0000,0.0000,0.0007,0.0000,0.0020,0.0061,0.0007,0.0001,0.0134,0.0006,0.0002,0.0001,0.0000,0.0010,0.0002,0.0001,0.0005,0.0060,0.0012,0.0007,0.0057
179,0.0078,0.0024,0.0003,0.0109,0.0095,0.0195,0.0000,0.0000,0.0000,0.0044,0.0024,0.0002,0.0012,0.0005,0.0000,0.0000,0.0007,0.0000,0.0020,0.0062,0.0008,0.0001,0.0137,0.0006,0.0002,0.0001,0.0000,0.0010,0.0002,0.0001,0.0005,0.0060,0.0013,0.0007,0.0057
180,0.0078,0.0023,0.0003,0.0110,0.0095,0.0195,0.0000,0.0000,0.0000,0.0044,0.0025,0.0002,0.0012,0.0005,0.0000,0.0000,0.0007,0.0000,0.0021,0.0062,0.0008,0.0001,0.0139,0.0006,0.0002,0.0001,0.0000,0.0010,0.0002,0.0001,0.0006,0.0060,0.0013,0.0007,0.0057
181,0.0078,0.0023,0.0003,0.0112,0.0095,0.0195,0.0000,0.0000,0.0000,0.0044,0.0026,0.0002,0.0013,0.0005,0.0000,0.0000,0.0007,0.0000,0.0021,0.0063,0.0008,0.0001,0.0142,0.0006,0.0002,0.0001,0.0000,0.0011,0.0002,0.0001,0.0006,0.0061,0.0013,0.0007,0.0058
182,0.0078,0.0023,0.0004,0.0113,0.0095,0.0195,0.0000,0.0000,0.0000,0.0045,0.0028,0.0002,0.0013,0.0005,0.0000,0.0000,0.0007,0.0000,0.0022,0.0063,0.0008,0.0001,0.0145,0.0006,0.0002,0.0001,0.0000,0.0011,0.0003,0.0001,0.0006,0.0061,0.0013,0.0008,0.0058
183,0.0078,0.0023,0.0004,0.0114,0.0095,0.0195,0.0000,0.0000,0.0000,0.0045,0.0029,0.0002,0.0013,0.0006,0.0000,0.0000,0.0007,0.0000,0.0023,0.0064,0.0008,0.0001,0.0147,0.0007,0.0002,0.0001,0.0000,0.0011,0.0003,0.0001,0.0006,0.0061,0.0014,0.0008,0.0058
184,0.0079,0.0023,0.0004,0.0115,0.0095,0.0194,0.0000,0.0000,0.0000,0.0045,0.0030,0.0002,0.0013,0.0006,0.0000,0.0000,0.0007,0.0000,0.0023,0.0064,0.0008,0.0001,0.0150,0.0007,0.0002,0.0001,0.0000,0.0011,0.0003,0.0001,0.0006,0.0061,0.0014,0.0008,0.0058
185,0.0079,0.0023,0.0004,0.0116,0.0094,0.0194,0.0000,0.0000,0.0000,0.0045,0.0031,0.0002,0.0013,0.0006,0.0000,0.0000,0.0007,0.0000,0.0024,0.0065,0.0009,0.0001,0.0153,0.0007,0.0002,0.0001,0.0000,0.0011,0.0003,0.0001,0.0006,0.0062,0.0014,0.0008,0.0058
186,0.0079,0.0023,0.0004,0.0118,0.0094,0.0194,0.0000,0.0000,0.0000,0.0046,0.0033,0.0002,0.0014,0.0006,0.0000,0.0000,0.0007,0.0000,0.0024,0.0065,0.0009,0.0001,0.0155,0.0007,0.0002,0.0001,0.0000,0.0012,0.0003,0.0001,0.0006,0.0062,0.0014,0.0008,0.0058
187,0.0079,0.0023,0.0004,0.0119,0.0094,0.0194,0.0000,0.0000,0.0000,0.0046,0.0034,0.0002,0.0014,0.0006,0.0000,0.0000,0.0007,0.0000,0.0025,0.0066,0.0009,0.0001,0.0158,0.0007,0.0002,0.0001,0.0000,0.0012,0.0003,0.0001,0.0006,0.0063,0.0015,0.0009,0.0058
188,0.0079,0.0023,0.0004,0.0120,0.0094,0.0194,0.0000,0.0000,0.0000,0.0046,0.0036,0.0002,0.0014,0.0006,0.0000,0.0000,0.0008,0.0000,0.0026,0.0066,0.0009,0.0001,0.0161,0.0007,0.0002,0.0001,0.0000,0.0012,0.0003,0.0001,0.0006,0.0063,0.0015,0.0009,0.0058
189,0.0079,0.0023,0.0005,0.0121,0.0094,0.0194,0.0000,0.0000,0.0000,0.0046,0.0037,0.0002,0.0014,0.0007,0.0000,0.0000,0.0008,0.0000,0.0026,0.0067,0.0009,0.0001,0.0163,0.0007,0.0002,0.0001,0.0000,0.0012,0.0003,0.0001,0.0006,0.0063,0.0015,0.0009,0.0058
190,0.0080,0.0023,0.0005,0.0122,0.0094,0.0194,0.0000,0.0000,0.0000,0.0047,0.0039,0.0002,0.0014,0.0007,0.0000,0.0000,0.0008,0.0000,0.0027,0.0067,0.0010,0.0001,0.0166,0.0007,0.0002,0.0001,0.0000,0.0012,0.0003,0.0001,0.0006,0.0064,0.0015,0.0009,0.0058
191,0.0080,0.0023,0.0005,0.0123,0.0094,0.0194,0.0000,0.0000,0.0000,0.0047,0.0040,0.0002,0.0014,0.0007,0.0000,0.0000,0.0008,0.0000,0.0028,0.0068,0.0010,0.0001,0.0168,0.0008,0.0002,0.0002,0.0000,0.0013,0.0003,0.0001,0.0006,0.0064,0.0016,0.0010,0.0058
192,0.0080,0.0023,0.0005,0.0124,0.0094,0.0194,0.0000,0.0000,0.0000,0.0047,0.0042,0.0002,0.0015,0.0007,0.0000,0.0000,0.0008,0.0000,0.0029,0.0069,0.0010,0.0001,0.0171,0.0008,0.0002,0.0002,0.0000,0.0013,0.0003,0.0001,0.0006,0.0064,0.0016,0.0010,0.0058
193,0.0080,0.0023,0.0005,0.0125,0.0094,0.0194,0.0000,0.0001,0.0000,0.0047,0.0044,0.0002,0.0015,0.0007,0.0000,0.0000,0.0008,0.0000,0.0029,0.0069,0.0010,0.0001,0.0173,0.0008,0.0002,0.0002,0.0000,0.0013,0.0004,0.0001,0.0007,0.0065,0.0016,0.0010,0.0058
194,0.0080,0.0023,0.0005,0.0126,0.0094,0.0194,0.0000,0.0001,0.0000,0.0047,0.0046,0.0002,0.0015,0.0008,0.0000,0.0000,0.0008,0.0000,0.0030,0.0070,0.0011,0.0001,0.0176,0.0008,0.0002,0.0002,0.0000,0.0013,0.0004,0.0001,0.0007,0.0065,0.0016,0.0010,0.0059
195,0.0080,0.0023,0.0006,0.0127,0.0094,0.0194,0.0000,0.0001,0.0000,0.0048,0.0048,0.0002,0.0015,0.0008,0.0000,0.0000,0.0008,0.0000,0.0031,0.0071,0.0011,0.0001,0.0178,0.0008,0.0002,0.0002,0.0000,0.0013,0.0004,0.0001,0.0007,0.0065,0.0017,0.0010,0.0059
196,0.0081,0.0023,0.0006,0.0128,0.0094,0.0194,0.0000,0.0001,0.0000,0.0048,0.0050,0.0002,0.0015,0.0008,0.0000,0.0001,0.0008,0.0000,0.0032,0.0071,0.0011,0.0001,0.0180,0.0008,0.0002,0.0002,0.0000,0.0013,0.0004,0.0001,0.0007,0.0066,0.0017,0.0011,0.0059
197,0.0081,0.0023,0.0006,0.0129,0.0093,0.0194,0.0000,0.0001,0.0000,0.0048,0.0052,0.0002,0.0016,0.0008,0.0000,0.0001,0.0008,0.0000,0.0032,0.0072,0.0011,0.0001,0.0183,0.0009,0.0002,0.0002,0.0000,0.0014,0.0004,0.0001,0.0007,0.0066,0.0017,0.0011,0.0059
198,0.0081,0.0023,0.0006,0.0130,0.0093,0.0194,0.0000,0.0001,0.0000,0.0048,0.0054,0.0003,0.0016,0.0009,0.0000,0.0001,0.0008,0.0000,0.0033,0.0073,0.0011,0.0001,0.0185,0.0009,0.0002,0.0002,0.0000,0.0014,0.0004,0.0001,0.0007,0.0067,0.0017,0.0011,0.0059
199,0.0081,0.0023,0.0006,0.0131,0.0093,0.0194,0.0000,0.0001,0.0000,0.0049,0.0056,0.0003,0.0016,0.0009,0.0000,0.0001,0.0008,0.0000,0.0034,0.0073,0.0012,0.0001,0.0187,0.0009,0.0002,0.0002,0.0000,0.0014,0.0004,0.0001,0.0007,0.0067,0.0018,0.0011,0.0059
200,0.0081,0.0023,0.0007,0.0132,0.0093,0.0194,0.0000,0.0001,0.0000,0.0049,0.0058,0.0003,0.0016,0.0009,0.0000,0.0001,0.0008,0.0000,0.0035,0.0074,0.0012,0.0001,0.0189,0.0009,0.0002,0.0002,0.0000,0.0014,0.0004,0.0001,0.0007,0.0067,0.0018,0.0012,0.0059
201,0.0081,0.0023,0.0007,0.0133,0.0093,0.0194,0.0000,0.0001,0.0000,0.0049,0.0060,0.0003,0.0016,0.0009,0.0000,0.0001,0.0008,0.0000,0.0036,0.0075,0.0012,0.0001,0.0192,0.0009,0.0002,0.0002,0.0000,0.0014,0.0004,0.0001,0.0007,0.0068,0.0018,0.0012,0.0059
202,0.0082,0.0023,0.0007,0.0134,0.0093,0.0193,0.0000,0.0001,0.0000,0.0049,0.0063,0.0003,0.0017,0.0009,0.0000,0.0001,0.0009,0.0000,0.0037,0.0076,0.0012,0.0001,0.0194,0.0009,0.0002,0.0002,0.0000,0.0015,0.0005,0.0001,0.0007,0.0068,0.0018,0.0012,0.0059
203,0.0082,0.0023,0.0007,0.0134,0.0093,0.0193,0.0000,0.0001,0.0000,0.0049,0.0065,0.0003,0.0017,0.0010,0.0000,0.0001,0.0009,0.0000,0.0038,0.0076,0.0013,0.0001,0.0196,0.0010,0.0002,0.0002,0.0000,0.0015,0.0005,0.0001,0.0007,0.0069,0.0019,0.0012,0.0059
204,0.0082,0.0023,0.0008,0.0135,0.0093,0.0193,0.0000,0.0001,0.0000,0.0050,0.0068,0.0003,0.0017,0.0010,0.0000,0.0001,0.0009,0.0000,0.0039,0.0077,0.0013,0.0001,0.0198,0.0010,0.0002,0.0002,0.0000,0.0015,0.0005,0.0001,0.0008,0.0069,0.0019,0.0013,0.0059
205,0.0082,0.0023,0.0008,0.0136,0.0093,0.0193,0.0000,0.0001,0.0000,0.0050,0.0070,0.0003,0.0017,0.0010,0.0000,0.0001,0.0009,0.0000,0.0040,0.0078,0.0013,0.0001,0.0200,0.0010,0.0002,0.0002,0.0000,0.0015,0.0005,0.0001,0.0008,0.0070,0.0019,0.0013,0.0059
206,0.0082,0.0023,0.0008,0.0137,0.0093,0.0193,0.0000,0.0002,0.0000,0.0050,0.0073,0.0003,0.0017,0.0010,0.0000,0.0001,0.0009,0.0000,0.0041,0.0079,0.0013,0.0001,0.0202,0.0010,0.0002,0.0002,0.0000,0.0015,0.0005,0.0001,0.0008,0.0070,0.0019,0.0013,0.0059
207,0.0082,0.0023,0.0008,0.0137,0.0093,0.0193,0.0000,0.0002,0.0000,0.0050,0.0076,0.0003,0.0017,0.0011,0.0000,0.0001,0.0009,0.0000,0.0042,0.0080,0.0014,0.0001,0.0204,0.0010,0.0002,0.0002,0.0000,0.0015,0.0005,0.0001,0.0008,0.0071,0.0020,0.0013,0.0059
208,0.0083,0.0023,0.0009,0.0138,0.0093,0.0193,0.0000,0.0002,0.0000,0.0051,0.0079,0.0003,0.0018,0.0011,0.0000,0.0001,0.0009,0.0000,0.0043,0.0080,0.0014,0.0001,0.0206,0.0010,0.0002,0.0002,0.0000,0.0016,0.0005,0.0001,0.0008,0.0071,0.0020,0.0014,0.0059
209,0.0083,0.0023,0.0009,0.0139,0.0092,0.0193,0.0000,0.0002,0.0000,0.0051,0.0081,0.0003,0.0018,0.0011,0.0000,0.0001,0.0009,0.0000,0.0044,0.0081,0.0014,0.0001,0.0208,0.0011,0.0002,0.0002,0.0000,0.0016,0.0005,0.0001,0.0008,0.0071,0.0020,0.0014,0.0060
210,0.0083,0.0023,0.0009,0.0140,0.0092,0.0193,0.0000,0.0002,0.0000,0.0051,0.0084,0.0003,0.0018,0.0012,0.0000,0.0001,0.0009,0.0000,0.0045,0.0082,0.0014,0.0001,0.0209,0.0011,0.0002,0.0003,0.0000,0.0016,0.0006,0.0001,0.0008,0.0072,0.0020,0.0014,0.0060
211,0.0083,0.0023,0.0010,0.0140,0.0092,0.0193,0.0000,0.0002,0.0000,0.0051,0.0087,0.0003,0.0018,0.0012,0.0000,0.0001,0.0009,0.0000,0.0046,0.0083,0.0015,0.0001,0.0211,0.0011,0.0002,0.0003,0.0000,0.0016,0.0006,0.0001,0.0008,0.0072,0.0020,0.0014,0.0060
212,0.0083,0.0023,0.0010,0.0141,0.0092,0.0193,0.0000,0.0002,0.0000,0.0051,0.0090,0.0003,0.0018,0.0012,0.0000,0.0002,0.0009,0.0000,0.0047,0.0084,0.0015,0.0001,0.0213,0.0011,0.0002,0.0003,0.0000,0.0016,0.0006,0.0001,0.0008,0.0073,0.0021,0.0015,0.0060
213,0.0083,0.0023,0.0010,0.0141,0.0092,0.0193,0.0000,0.0003,0.0000,0.0052,0.0093,0.0004,0.0018,0.0012,0.0000,0.0002,0.0009,0.0000,0.0048,0.0085,0.0015,0.0001,0.0215,0.0011,0.0002,0.0003,0.0000,0.0016,0.0006,0.0001,0.0008,0.0073,0.0021,0.0015,0.0060
214,0.0084,0.0023,0.0011,0.0142,0.0092,0.0193,0.0000,0.0003,0.0000,0.0052,0.0096,0.0004,0.0019,0.0013,0.0000,0.0002,0.0009,0.0000,0.0049,0.0086,0.0016,0.0001,0.0216,0.0011,0.0002,0.0003,0.0000,0.0016,0.0006,0.0001,0.0008,0.0074,0.0021,0.0015,0.0060
215,0.0084,0.0023,0.0011,0.0143,0.0092,0.0193,0.0000,0.0003,0.0000,0.0052,0.0100,0.0004,0.0019,0.0013,0.0000,0.0002,0.0010,0.0000,0.0050,0.0087,0.0016,0.0001,0.0218,0.0012,0.0002,0.0003,0.0000,0.0017,0.0006,0.0001,0.0009,0.0074,0.0021,0.0016,0.0060
216,0.0084,0.0023,0.0011,0.0143,0.0092,0.0193,0.0000,0.0003,0.0000,0.0052,0.0103,0.0004,0.0019,0.0013,0.0000,0.0002,0.0010,0.0000,0.0052,0.0088,0.0016,0.0001,0.0219,0.0012,0.0002,0.0003,0.0000,0.0017,0.0006,0.0001,0.0009,0.0075,0.0021,0.0016,0.0060
217,0.0084,0.0023,0.0012,0.0144,0.0092,0.0193,0.0000,0.0003,0.0000,0.0052,0.0106,0.0004,0.0019,0.0014,0.0000,0.0002,0.0010,0.0000,0.0053,0.0089,0.0016,0.0001,0.0221,0.0012,0.0002,0.0003,0.0000,0.0017,0.0007,0.0001,0.0009,0.0075,0.0022,0.0016,0.0060
218,0.0084,0.0023,0.0012,0.0144,0.0092,0.0193,0.0000,0.0004,0.0000,0.0053,0.0109,0.0004,0.0019,0.0014,0.0000,0.0002,0.0010,0.0000,0.0054,0.0090,0.0017,0.0001,0.0222,0.0012,0.0002,0.0003,0.0000,0.0017,0.0007,0.0001,0.0009,0.0076,0.0022,0.0016,0.0060
219,0.0084,0.0023,0.0012,0.0145,0.0092,0.0193,0.0000,0.0004,0.0000,0.0053,0.0113,0.0004,0.0019,0.0014,0.0000,0.0002,0.0010,0.0000,0.0055,0.0091,0.0017,0.0001,0.0224,0.0012,0.0002,0.0003,0.0000,0.0017,0.0007,0.0001,0.0009,0.0076,0.0022,0.0017,0.0060
220,0.0084,0.0023,0.0013,0.0145,0.0092,0.0193,0.0000,0.0004,0.0000,0.0053,0.0116,0.0004,0.0020,0.0015,0.0000,0.0003,0.0010,0.0000,0.0057,0.0092,0.0017,0.0001,0.0225,0.0013,0.0002,0.0003,0.0000,0.0017,0.0007,0.0001,0.0009,0.0077,0.0022,0.0017,0.0060
221,0.0085,0.0023,0.0013,0.0146,0.0091,0.0192,0.0000,0.0004,0.0000,0.0053,0.0119,0.0004,0.0020,0.0015,0.0000,0.0003,0.0010,0.0000,0.0058,0.0093,0.0018,0.0001,0.0227,0.0013,0.0002,0.0003,0.0000,0.0017,0.0007,0.0001,0.0009,0.0078,0.0022,0.0017,0.0060
222,0.0085,0.0023,0.0013,0.0146,0.0091,0.0192,0.0000,0.0004,0.0000,0.0054,0.0123,0.0004,0.0020,0.0015,0.0000,0.0003,0.0010,0.0000,0.0059,0.0094,0.0018,0.0001,0.0228,0.0013,0.0002,0.0003,0.0000,0.0018,0.0007,0.0001,0.0009,0.0078,0.0023,0.0018,0.0060
223,0.0085,0.0023,0.0014,0.0147,0.0091,0.0192,0.0000,0.0005,0.0000,0.0054,0.0126,0.0004,0.0020,0.0016,0.0000,0.0003,0.0010,0.0000,0.0060,0.0095,0.0018,0.0001,0.0229,0.0013,0.0002,0.0004,0.0000,0.0018,0.0008,0.0001,0.0009,0.0079,0.0023,0.0018,0.0060
224,0.0085,0.0023,0.0014,0.0147,0.0091,0.0192,0.0000,0.0005,0.0000,0.0054,0.0130,0.0005,0.0020,0.0016,0.0000,0.0003,0.0011,0.0000,0.0062,0.0096,0.0018,0.0001,0.0231,0.0013,0.0002,0.0004,0.0000,0.0018,0.0008,0.0001,0.0009,0.0079,0.0023,0.0018,0.0060
225,0.0085,0.0023,0.0015,0.0148,0.0091,0.0192,0.0000,0.0005,0.0000,0.0054,0.0133,0.0005,0.0020,0.0017,0.0000,0.0003,0.0011,0.0000,0.0063,0.0097,0.0019,0.0001,0.0232,0.0014,0.0002,0.0004,0.0000,0.0018,0.0008,0.0001,0.0010,0.0080,0.0023,0.0018,0.0060
226,0.0085,0.0023,0.0015,0.0148,0.0091,0.0192,0.0000,0.0006,0.0000,0.0054,0.0137,0.0005,0.0020,0.0017,0.0000,0.0003,0.0011,0.0000,0.0065,0.0098,0.0019,0.0001,0.0233,0.0014,0.0002,0.0004,0.0000,0.0018,0.0008,0.0001,0.0010,0.0080,0.0023,0.0019,0.0061
227,0.0086,0.0023,0.0015,0.0149,0.0091,0.0192,0.0000,0.0006,0.0000,0.0055,0.0140,0.0005,0.0021,0.0017,0.0000,0.0004,0.0011,0.0000,0.0066,0.0099,0.0019,0.0001,0.0234,0.0014,0.0002,0.0004,0.0000,0.0018,0.0008,0.0001,0.0010,0.0081,0.0024,0.0019,0.0061
228,0.0086,0.0023,0.0016,0.0149,0.0091,0.0192,0.0000,0.0006,0.0000,0.0055,0.0143,0.0005,0.0021,0.0018,0.0000,0.0004,0.0011,0.0000,0.0067,0.0101,0.0020,0.0001,0.0235,0.0014,0.0002,0.0004,0.0000,0.0018,0.0008,0.0001,0.0010,0.0082,0.0024,0.0019,0.0061
229,0.0086,0.0023,0.0016,0.0150,0.0091,0.0192,0.0000,0.0007,0.0000,0.0055,0.0147,0.0005,0.0021,0.0018,0.0000,0.0004,0.0011,0.0000,0.0069,0.0102,0.0020,0.0001,0.0236,0.0014,0.0002,0.0004,0.0000,0.0018,0.0009,0.0001,0.0010,0.0082,0.0024,0.0020,0.0061
230,0.0086,0.0023,0.0017,0.0150,0.0091,0.0192,0.0000,0.0007,0.0000,0.0055,0.0150,0.0005,0.0021,0.0018,0.0000,0.0004,0.0011,0.0000,0.0070,0.0103,0.0020,0.0001,0.0237,0.0015,0.0002,0.0004,0.0000,0.0018,0.0009,0.0001,0.0010,0.0083,0.0024,0.0020,0.0061
231,0.0086,0.0023,0.0017,0.0150,0.0091,0.0192,0.0000,0.0007,0.0000,0.0055,0.0154,0.0005,0.0021,0.0019,0.0000,0.0004,0.0011,0.0000,0.0072,0.0104,0.0021,0.0001,0.0238,0.0015,0.0002,0.0004,0.0000,0.0019,0.0009,0.0001,0.0010,0.0083,0.0024,0.0020,0.0061
232,0.0086,0.0023,0.0018,0.0151,0.0091,0.0192,0.0000,0.0008,0.0000,0.0056,0.0157,0.0005,0.0021,0.0019,0.0000,0.0005,0.0011,0.0000,0.0073,0.0105,0.0021,0.0001,0.0239,0.0015,0.0002,0.0004,0.0000,0.0019,0.0009,0.0001,0.0010,0.0084,0.0025,0.0021,0.0061
233,0.0087,0.0023,0.0018,0.0151,0.0091,0.0192,0.0000,0.0008,0.0000,0.0056,0.0160,0.0006,0.0021,0.0020,0.0000,0.0005,0.0012,0.0000,0.0075,0.0107,0.0021,0.0001,0.0240,0.0015,0.0002,0.0004,0.0000,0.0019,0.0009,0.0002,0.0010,0.0085,0.0025,0.0021,0.0061
234,0.0087,0.0023,0.0018,0.0151,0.0090,0.0192,0.0000,0.0008,0.0000,0.0056,0.0164,0.0006,0.0022,0.0020,0.0000,0.0005,0.0012,0.0000,0.0076,0.0108,0.0022,0.0001,0.0241,0.0015,0.0002,0.0005,0.0000,0.0019,0.0010,0.0002,0.0011,0.0085,0.0025,0.0021,0.0061
235,0.0087,0.0023,0.0019,0.0152,0.0090,0.0192,0.0000,0.0009,0.0000,0.0056,0.0167,0.0006,0.0022,0.0020,0.0000,0.0005,0.0012,0.0000,0.0078,0.0109,0.0022,0.0001,0.0242,0.0016,0.0002,0.0005,0.0000,0.0019,0.0010,0.0002,0.0011,0.0086,0.0025,0.0021,0.0061
236,0.0087,0.0023,0.0019,0.0152,0.0090,0.0192,0.0000,0.0009,0.0000,0.0056,0.0170,0.0006,0.0022,0.0021,0.0000,0.0006,0.0012,0.0000,0.0079,0.0110,0.0022,0.0001,0.0243,0.0016,0.0002,0.0005,0.0000,0.0019,0.0010,0.0002,0.0011,0.0086,0.0025,0.0022,0.0061
237,0.0087,0.0023,0.0020,0.0152,0.0090,0.0192,0.0000,0.0010,0.0000,0.0057,0.0173,0.0006,0.0022,0.0021,0.0000,0.0006,0.0012,0.0000,0.0081,0.0111,0.0022,0.0001,0.0244,0.0016,0.0002,0.0005,0.0000,0.0019,0.0010,0.0002,0.0011,0.0087,0.0025,0.0022,0.0061
238,0.0087,0.0023,0.0020,0.0153,0.0090,0.0192,0.0000,0.0010,0.0000,0.0057,0.0177,0.0006,0.0022,0.0022,0.0000,0.0006,0.0012,0.0000,0.0082,0.0113,0.0023,0.0001,0.0245,0.0016,0.0002,0.0005,0.0000,0.0019,0.0010,0.0002,0.0011,0.0088,0.0025,0.0022,0.0061
239,0.0087,0.0023,0.0021,0.0153,0.0090,0.0192,0.0000,0.0010,0.0000,0.0057,0.0180,0.0006,0.0022,0.0022,0.0000,0.0006,0.0013,0.0000,0.0084,0.0114,0.0023,0.0001,0.0245,0.0017,0.0003,0.0005,0.0000,0.0019,0.0010,0.0002,0.0011,0.0088,0.0026,0.0023,0.0061
240,0.0088,0.0023,0.0021,0.0153,0.0090,0.0192,0.0000,0.0011,0.0000,0.0057,0.0183,0.0006,0.0022,0.0023,0.0000,0.0007,0.0013,0.0000,0.0086,0.0115,0.0023,0.0001,0.0246,0.0017,0.0003,0.0005,0.0000,0.0019,0.0011,0.0002,0.0011,0.0089,0.0026,0.0023,0.0061
241,0.0088,0.0022,0.0022,0.0154,0.0090,0.0192,0.0000,0.0011,0.0000,0.0057,0.0186,0.0007,0.0022,0.0023,0.0000,0.0007,0.0013,0.0000,0.0087,0.0117,0.0024,0.0001,0.0247,0.0017,0.0003,0.0005,0.0000,0.0020,0.0011,0.0002,0.0011,0.0090,0.0026,0.0023,0.0061
242,0.0088,0.0022,0.0022,0.0154,0.0090,0.0192,0.0000,0.0012,0.0000,0.0058,0.0189,0.0007,0.0022,0.0024,0.0000,0.0007,0.0013,0.0000,0.0089,0.0118,0.0024,0.0001,0.0247,0.0017,0.0003,0.0006,0.0000,0.0020,0.0011,0.0002,0.0012,0.0090,0.0026,0.0024,0.0061
243,0.0088,0.0022,0.0023,0.0154,0.0090,0.0192,0.0000,0.0012,0.0000,0.0058,0.0192,0.0007,0.0022,0.0024,0.0000,0.0008,0.0013,0.0000,0.0091,0.0119,0.0024,0.0001,0.0248,0.0017,0.0003,0.0006,0.0000,0.0020,0.0011,0.0002,0.0012,0.0091,0.0026,0.0024,0.0062
244,0.0088,0.0022,0.0023,0.0154,0.0090,0.0191,0.0000,0.0013,0.0000,0.0058,0.0195,0.0007,0.0023,0.0024,0.0000,0.0008,0.0013,0.0000,0.0092,0.0120,0.0025,0.0001,0.0249,0.0018,0.0003,0.0006,0.0000,0.0020,0.0012,0.0002,0.0012,0.0092,0.0026,0.0024,0.0062
245,0.0088,0.0022,0.0024,0.0155,0.0090,0.0191,0.0000,0.0013,0.0000,0.0058,0.0197,0.0007,0.0023,0.0025,0.0000,0.0008,0.0013,0.0000,0.0094,0.0122,0.0025,0.0001,0.0249,0.0018,0.0003,0.0006,0.0000,0.0020,0.0012,0.0002,0.0012,0.0092,0.0027,0.0025,0.0062
246,0.0089,0.0022,0.0024,0.0155,0.0090,0.0191,0.0000,0.0014,0.0000,0.0058,0.0200,0.0007,0.0023,0.0025,0.0000,0.0008,0.0014,0.0000,0.0096,0.0123,0.0025,0.0001,0.0250,0.0018,0.0003,0.0006,0.0000,0.0020,0.0012,0.0002,0.0012,0.0093,0.0027,0.0025,0.0062
247,0.0089,0.0022,0.0025,0.0155,0.0090,0.0191,0.0000,0.0014,0.0000,0.0059,0.0203,0.0008,0.0023,0.0026,0.0000,0.0009,0.0014,0.0000,0.0097,0.0124,0.0026,0.0001,0.0251,0.0018,0.0003,0.0006,0.0000,0.0020,0.0012,0.0002,0.0012,0.0094,0.0027,0.0025,0.0062
248,0.0089,0.0022,0.0025,0.0155,0.0089,0.0191,0.0000,0.0015,0.0000,0.0059,0.0205,0.0008,0.0023,0.0026,0.0000,0.0009,0.0014,0.0000,0.0099,0.0126,0.0026,0.0001,0.0251,0.0019,0.0003,0.0006,0.0000,0.0020,0.0012,0.0002,0.0012,0.0094,0.0027,0.0026,0.0062
249,0.0089,0.0022,0.0026,0.0156,0.0089,0.0191,0.0000,0.0015,0.0000,0.0059,0.0208,0.0008,0.0023,0.0027,0.0000,0.0010,0.0014,0.0001,0.0101,0.0127,0.0026,0.0001,0.0252,0.0019,0.0003,0.0006,0.0000,0.0020,0.0013,0.0002,0.0012,0.0095,0.0027,0.0026,0.0062
250,0.0089,0.0022,0.0026,0.0156,0.0089,0.0191,0.0000,0.0016,0.0000,0.0059,0.0210,0.0008,0.0023,0.0027,0.0000,0.0010,0.0014,0.0001,0.0103,0.0128,0.0027,0.0001,0.0252,0.0019,0.0003,0.0007,0.0000,0.0020,0.0013,0.0002,0.0013,0.0096,0.0027,0.0026,0.0062
251,0.0089,0.0022,0.0027,0.0156,0.0089,0.0191,0.0000,0.0017,0.0000,0.0060,0.0213,0.0008,0.0023,0.0028,0.0000,0.0010,0.0015,0.0001,0.0104,0.0130,0.0027,0.0001,0.0253,0.0019,0.0003,0.0007,0.0000,0.0020,0.0013,0.0002,0.0013,0.0096,0.0027,0.0027,0.0062
252,0.0089,0.0022,0.0027,0.0156,0.0089,0.0191,0.0000,0.0017,0.0000,0.0060,0.0215,0.0008,0.0023,0.0028,0.0000,0.0011,0.0015,0.0001,0.0106,0.0131,0.0028,0.0001,0.0253,0.0019,0.0003,0.0007,0.0000,0.0020,0.0013,0.0002,0.0013,0.0097,0.0027,0.0027,0.0062
253,0.0090,0.0022,0.0027,0.0156,0.0089,0.0191,0.0000,0.0018,0.0000,0.0060,0.0217,0.0009,0.0023,0.0029,0.0000,0.0011,0.0015,0.0001,0.0108,0.0132,0.0028,0.0001,0.0254,0.0020,0.0003,0.0007,0.0000,0.0020,0.0013,0.0002,0.0013,0.0098,0.0028,0.0027,0.0062
254,0.0090,0.0022,0.0028,0.0157,0.0089,0.0191,0.0000,0.0018,0.0000,0.0060,0.0220,0.0009,0.0023,0.0029,0.0000,0.0011,0.0015,0.0001,0.0110,0.0134,0.0028,0.0001,0.0254,0.0020,0.0003,0.0007,0.0000,0.0020,0.0014,0.0002,0.0013,0.0098,0.0028,0.0028,0.0062
255,0.0090,0.0022,0.0028,0.0157,0.0089,0.0191,0.0000,0.0019,0.0000,0.0060,0.0222,0.0009,0.0023,0.0030,0.0000,0.0012,0.0015,0.0001,0.0111,0.0135,0.0029,0.0001,0.0255,0.0020,0.0003,0.0007,0.0000,0.0021,0.0014,0.0002,0.0013,0.0099,0.0028,0.0028,0.0062
256,0.0090,0.0022,0.0029,0.0157,0.0089,0.0191,0.0000,0.0019,0.0000,0.0061,0.0224,0.0009,0.0023,0.0031,0.0000,0.0012,0.0016,0.0001,0.0113,0.0136,0.0029,0.0001,0.0255,0.0020,0.0003,0.0007,0.0000,0.0021,0.0014,0.0002,0.0013,0.0100,0.0028,0.0028,0.0062
257,0.0090,0.0022,0.0029,0.0157,0.0089,0.0191,0.0000,0.0020,0.0000,0.0061,0.0226,0.0009,0.0024,0.0031,0.0000,0.0013,0.0016,0.0001,0.0115,0.0138,0.0029,0.0001,0.0255,0.0021,0.0003,0.0008,0.0000,0.0021,0.0014,0.0002,0.0013,0.0100,0.0028,0.0029,0.0062
258,0.0090,0.0022,0.0030,0.0157,0.0089,0.0191,0.0000,0.0021,0.0000,0.0061,0.0228,0.0010,0.0024,0.0032,0.0000,0.0013,0.0016,0.0001,0.0117,0.0139,0.0030,0.0001,0.0256,0.0021,0.0003,0.0008,0.0000,0.0021,0.0015,0.0002,0.0014,0.0101,0.0028,0.0029,0.0062
259,0.0091,0.0022,0.0030,0.0157,0.0089,0.0191,0.0000,0.0021,0.0000,0.0061,0.0230,0.0010,0.0024,0.0032,0.0000,0.0013,0.0016,0.0001,0.0118,0.0140,0.0030,0.0001,0.0256,0.0021,0.0003,0.0008,0.0000,0.0021,0.0015,0.0002,0.0014,0.0102,0.0028,0.0029,0.0062
260,0.0091,0.0022,0.0031,0.0158,0.0089,0.0191,0.0000,0.0022,0.0000,0.0061,0.0232,0.0010,0.0024,0.0033,0.0000,0.0014,0.0016,0.0001,0.0120,0.0142,0.0030,0.0001,0.0257,0.0021,0.0003,0.0008,0.0000,0.0021,0.0015,0.0002,0.0014,0.0102,0.0028,0.0030,0.0062
261,0.0091,0.0022,0.0031,0.0158,0.0089,0.0191,0.0000,0.0022,0.0000,0.0061,0.0233,0.0010,0.0024,0.0033,0.0000,0.0014,0.0017,0.0001,0.0122,0.0143,0.0031,0.0001,0.0257,0.0022,0.0003,0.0008,0.0000,0.0021,0.0015,0.0002,0.0014,0.0103,0.0028,0.0030,0.0063
262,0.0091,0.0022,0.0032,0.0158,0.0089,0.0191,0.0000,0.0023,0.0000,0.0062,0.0235,0.0011,0.0024,0.0034,0.0000,0.0015,0.0017,0.0001,0.0124,0.0144,0.0031,0.0001,0.0257,0.0022,0.0003,0.0008,0.0000,0.0021,0.0016,0.0002,0.0014,0.0103,0.0029,0.0030,0.0063
263,0.0091,0.0022,0.0032,0.0158,0.0089,0.0191,0.0000,0.0024,0.0000,0.0062,0.0237,0.0011,0.0024,0.0034,0.0000,0.0015,0.0017,0.0001,0.0126,0.0146,0.0031,0.0001,0.0258,0.0022,0.0003,0.0008,0.0000,0.0021,0.0016,0.0003,0.0014,0.0104,0.0029,0.0031,0.0063
264,0.0091,0.0022,0.0033,0.0158,0.0089,0.0191,0.0000,0.0024,0.0000,0.0062,0.0238,0.0011,0.0024,0.0035,0.0000,0.0016,0.0017,0.0001,0.0127,0.0147,0.0032,0.0001,0.0258,0.0022,0.0003,0.0009,0.0000,0.0021,0.0016,0.0003,0.0014,0.0105,0.0029,0.0031,0.0063
265,0.0091,0.0022,0.0033,0.0158,0.0088,0.0191,0.0000,0.0025,0.0000,0.0062,0.0240,0.0011,0.0024,0.0036,0.0000,0.0016,0.0018,0.0001,0.0129,0.0148,0.0032,0.0001,0.0258,0.0023,0.0003,0.0009,0.0000,0.0021,0.0016,0.0003,0.0015,0.0105,0.0029,0.0031,0.0063
266,0.0092,0.0022,0.0033,0.0158,0.0088,0.0191,0.0000,0.0026,0.0000,0.0062,0.0241,0.0011,0.0024,0.0036,0.0000,0.0016,0.0018,0.0001,0.0131,0.0150,0.0033,0.0001,0.0258,0.0023,0.0003,0.0009,0.0000,0.0021,0.0017,0.0003,0.0015,0.0106,0.0029,0.0032,0.0063
267,0.0092,0.0022,0.0034,0.0159,0.0088,0.0191,0.0000,0.0026,0.0000,0.0063,0.0243,0.0012,0.0024,0.0037,0.0000,0.0017,0.0018,0.0001,0.0133,0.0151,0.0033,0.0001,0.0259,0.0023,0.0003,0.0009,0.0000,0.0021,0.0017,0.0003,0.0015,0.0107,0.0029,0.0032,0.0063
268,0.0092,0.0022,0.0034,0.0159,0.0088,0.0191,0.0000,0.0027,0.0000,0.0063,0.0244,0.0012,0.0024,0.0037,0.0000,0.0017,0.0018,0.0001,0.0134,0.0152,0.0033,0.0001,0.0259,0.0023,0.0003,0.0009,0.0000,0.0021,0.0017,0.0003,0.0015,0.0107,0.0029,0.0033,0.0063
269,0.0092,0.0022,0.0035,0.0159,0.0088,0.0191,0.0000,0.0028,0.0000,0.0063,0.0245,0.0012,0.0024,0.0038,0.0000,0.0018,0.0019,0.0001,0.0136,0.0154,0.0034,0.0001,0.0259,0.0024,0.0003,0.0009,0.0000,0.0021,0.0017,0.0003,0.0015,0.0108,0.0029,0.0033,0.0063
270,0.0092,0.0022,0.0035,0.0159,0.0088,0.0191,0.0000,0.0028,0.0000,0.0063,0.0246,0.0013,0.0024,0.0038,0.0000,0.0018,0.0019,0.0001,0.0138,0.0155,0.0034,0.0001,0.0259,0.0024,0.0003,0.0010,0.0000,0.0021,0.0018,0.0003,0.0015,0.0108,0.0029,0.0033,0.0063
271,0.0092,0.0022,0.0036,0.0159,0.0088,0.0191,0.0000,0.0029,0.0000,0.0063,0.0248,0.0013,0.0024,0.0039,0.0000,0.0019,0.0019,0.0001,0.0140,0.0156,0.0035,0.0001,0.0260,0.0024,0.0003,0.0010,0.0000,0.0021,0.0018,0.0003,0.0015,0.0109,0.0029,0.0034,0.0063
272,0.0093,0.0022,0.0036,0.0159,0.0088,0.0191,0.0000,0.0030,0.0000,0.0064,0.0249,0.0013,0.0024,0.0040,0.0000,0.0019,0.0019,0.0001,0.0141,0.0157,0.0035,0.0001,0.0260,0.0024,0.0003,0.0010,0.0000,0.0021,0.0018,0.0003,0.0016,0.0110,0.0029,0.0034,0.0063
273,0.0093,0.0022,0.0036,0.0159,0.0088,0.0191,0.0000,0.0031,0.0000,0.0064,0.0250,0.0013,0.0024,0.0040,0.0000,0.0020,0.0020,0.0001,0.0143,0.0159,0.0035,0.0001,0.0260,0.0025,0.0003,0.0010,0.0000,0.0021,0.0018,0.0003,0.0016,0.0110,0.0030,0.0034,0.0063
274,0.0093,0.0022,0.0037,0.0159,0.0088,0.0191,0.0000,0.0031,0.0000,0.0064,0.0251,0.0014,0.0024,0.0041,0.0000,0.0020,0.0020,0.0001,0.0145,0.0160,0.0036,0.0001,0.0260,0.0025,0.0003,0.0010,0.0000,0.0021,0.0019,0.0003,0.0016,0.0111,0.0030,0.0035,0.0063
275,0.0093,0.0022,0.0037,0.0159,0.0088,0.0191,0.0000,0.0032,0.0000,0.0064,0.0252,0.0014,0.0024,0.0042,0.0000,0.0021,0.0020,0.0001,0.0147,0.0161,0.0036,0.0001,0.0260,0.0025,0.0003,0.0010,0.0000,0.0021,0.0019,0.0003,0.0016,0.0111,0.0030,0.0035,0.0063
276,0.0093,0.0022,0.0038,0.0160,0.0088,0.0191,0.0000,0.0033,0.0000,0.0064,0.0253,0.0014,0.0024,0.0042,0.0000,0.0021,0.0020,0.0001,0.0148,0.0162,0.0036,0.0001,0.0261,0.0025,0.0003,0.0011,0.0000,0.0021,0.0019,0.0003,0.0016,0.0112,0.0030,0.0036,0.0063
277,0.0093,0.0022,0.0038,0.0160,0.0088,0.0191,0.0000,0.0033,0.0000,0.0065,0.0254,0.0015,0.0024,0.0043,0.0000,0.0022,0.0021,0.0002,0.0150,0.0164,0.0037,0.0001,0.0261,0.0026,0.0003,0.0011,0.0000,0.0022,0.0019,0.0003,0.0016,0.0113,0.0030,0.0036,0.0063
278,0.0093,0.0022,0.0038,0.0160,0.0088,0.0191,0.0000,0.0034,0.0000,0.0065,0.0255,0.0015,0.0024,0.0043,0.0000,0.0022,0.0021,0.0002,0.0152,0.0165,0.0037,0.0001,0.0261,0.0026,0.0003,0.0011,0.0000,0.0022,0.0020,0.0003,0.0016,0.0113,0.0030,0.0036,0.0064
279,0.0094,0.0022,0.0039,0.0160,0.0088,0.0191,0.0000,0.0035,0.0000,0.0065,0.0256,0.0015,0.0024,0.0044,0.0000,0.0023,0.0021,0.0002,0.0153,0.0166,0.0038,0.0001,0.0261,0.0026,0.0003,0.0011,0.0000,0.0022,0.0020,0.0003,0.0016,0.0114,0.0030,0.0037,0.0064
280,0.0094,0.0022,0.0039,0.0160,0.0088,0.0191,0.0000,0.0036,0.0000,0.0065,0.0256,0.0015,0.0024,0.0045,0.0000,0.0023,0.0021,0.0002,0.0155,0.0167,0.0038,0.0001,0.0261,0.0026,0.0003,0.0011,0.0000,0.0022,0.0020,0.0003,0.0017,0.0114,0.0030,0.0037,0.0064
281,0.0094,0.0022,0.0040,0.0160,0.0088,0.0191,0.0000,0.0036,0.0000,0.0065,0.0257,0.0016,0.0024,0.0045,0.0000,0.0024,0.0022,0.0002,0.0157,0.0168,0.0038,0.0001,0.0261,0.0027,0.0003,0.0011,0.0000,0.0022,0.0020,0.0003,0.0017,0.0115,0.0030,0.0038,0.0064
282,0.0094,0.0022,0.0040,0.0160,0.0088,0.0191,0.0000,0.0037,0.0000,0.0066,0.0258,0.0016,0.0024,0.0046,0.0000,0.0024,0.0022,0.0002,0.0158,0.0170,0.0039,0.0001,0.0262,0.0027,0.0003,0.0012,0.0000,0.0022,0.0021,0.0003,0.0017,0.0115,0.0030,0.0038,0.0064
283,0.0094,0.0022,0.0040,0.0160,0.0088,0.0191,0.0000,0.0038,0.0000,0.0066,0.0259,0.0016,0.0024,0.0047,0.0000,0.0025,0.0022,0.0002,0.0160,0.0171,0.0039,0.0001,0.0262,0.0027,0.0003,0.0012,0.0000,0.0022,0.0021,0.0003,0.0017,0.0116,0.0030,0.0039,0.0064
284,0.0094,0.0022,0.0041,0.0160,0.0088,0.0191,0.0000,0.0039,0.0000,0.0066,0.0259,0.0017,0.0024,0.0047,0.0000,0.0025,0.0022,0.0002,0.0161,0.0172,0.0040,0.0001,0.0262,0.0028,0.0003,0.0012,0.0000,0.0022,0.0021,0.0003,0.0017,0.0116,0.0030,0.0039,0.0064
285,0.0095,0.0022,0.0041,0.0160,0.0088,0.0191,0.0000,0.0039,0.0000,0.0066,0.0260,0.0017,0.0024,0.0048,0.0000,0.0026,0.0023,0.0002,0.0163,0.0173,0.0040,0.0001,0.0262,0.0028,0.0003,0.0012,0.0000,0.0022,0.0022,0.0003,0.0017,0.0117,0.0030,0.0039,0.0064
286,0.0095,0.0022,0.0041,0.0160,0.0088,0.0191,0.0000,0.0040,0.0000,0.0066,0.0261,0.0018,0.0024,0.0049,0.0000,0.0026,0.0023,0.0002,0.0165,0.0174,0.0041,0.0001,0.0262,0.0028,0.0003,0.0012,0.0000,0.0022,0.0022,0.0004,0.0017,0.0117,0.0030,0.0040,0.0064
287,0.0095,0.0022,0.0042,0.0160,0.0088,0.0191,0.0000,0.0041,0.0000,0.0066,0.0261,0.0018,0.0024,0.0049,0.0000,0.0027,0.0023,0.0002,0.0166,0.0175,0.0041,0.0001,0.0262,0.0028,0.0003,0.0013,0.0000,0.0022,0.0022,0.0004,0.0018,0.0118,0.0031,0.0040,0.0064
288,0.0095,0.0022,0.0042,0.0161,0.0088,0.0191,0.0000,0.0042,0.0000,0.0067,0.0262,0.0018,0.0024,0.0050,0.0000,0.0027,0.0024,0.0002,0.0168,0.0176,0.0041,0.0001,0.0262,0.0029,0.0003,0.0013,0.0000,0.0022,0.0022,0.0004,0.0018,0.0118,0.0031,0.0041,0.0064
289,0.0095,0.0022,0.0042,0.0161,0.0088,0.0191,0.0000,0.0043,0.0000,0.0067,0.0262,0.0019,0.0024,0.0050,0.0000,0.0028,0.0024,0.0002,0.0169,0.0177,0.0042,0.0001,0.0262,0.0029,0.0003,0.0013,0.0000,0.0022,0.0023,0.0004,0.0018,0.0119,0.0031,0.0041,0.0064
290,0.0095,0.0022,0.0043,0.0161,0.0088,0.0191,0.0000,0.0043,0.0000,0.0067,0.0263,0.0019,0.0024,0.0051,0.0000,0.0028,0.0024,0.0002,0.0171,0.0178,0.0042,0.0001,0.0262,0.0029,0.0003,0.0013,0.0000,0.0022,0.0023,0.0004,0.0018,0.0119,0.0031,0.0042,0.0064
291,0.0096,0.0022,0.0043,0.0161,0.0088,0.0191,0.0000,0.0044,0.0000,0.0067,0.0263,0.0019,0.0024,0.0052,0.0000,0.0029,0.0024,0.0002,0.0172,0.0179,0.0043,0.0001,0.0262,0.0029,0.0003,0.0013,0.0000,0.0022,0.0023,0.0004,0.0018,0.0120,0.0031,0.0042,0.0064
292,0.0096,0.0022,0.0043,0.0161,0.0088,0.0191,0.0000,0.0045,0.0000,0.0067,0.0264,0.0020,0.0024,0.0052,0.0000,0.0029,0.0025,0.0002,0.0174,0.0181,0.0043,0.0001,0.0263,0.0030,0.0003,0.0013,0.0000,0.0022,0.0024,0.0004,0.0018,0.0120,0.0031,0.0042,0.0064
293,0.0096,0.0022,0.0044,0.0161,0.0088,0.0191,0.0000,0.0046,0.0000,0.0068,0.0264,0.0020,0.0024,0.0053,0.0000,0.0030,0.0025,0.0002,0.0175,0.0182,0.0044,0.0001,0.0263,0.0030,0.0003,0.0014,0.0000,0.0022,0.0024,0.0004,0.0019,0.0121,0.0031,0.0043,0.0064
294,0.0096,0.0022,0.0044,0.0161,0.0088,0.0191,0.0000,0.0047,0.0000,0.0068,0.0265,0.0021,0.0024,0.0054,0.0000,0.0030,0.0025,0.0002,0.0176,0.0183,0.0044,0.0001,0.0263,0.0030,0.0003,0.0014,0.0000,0.0022,0.0024,0.0004,0.0019,0.0121,0.0031,0.0043,0.0064
295,0.0096,0.0022,0.0044,0.0161,0.0088,0.0191,0.0000,0.0047,0.0000,0.0068,0.0265,0.0021,0.0024,0.0054,0.0000,0.0031,0.0026,0.0003,0.0178,0.0184,0.0044,0.0001,0.0263,0.0030,0.0003,0.0014,0.0000,0.0022,0.0024,0.0004,0.0019,0.0122,0.0031,0.0044,0.0065
296,0.0096,0.0022,0.0045,0.0161,0.0088,0.0191,0.0000,0.0048,0.0000,0.0068,0.0266,0.0021,0.0024,0.0055,0.0000,0.0031,0.0026,0.0003,0.0179,0.0185,0.0045,0.0001,0.0263,0.0031,0.0003,0.0014,0.0000,0.0022,0.0025,0.0004,0.0019,0.0122,0.0031,0.0044,0.0065
297,0.0096,0.0022,0.0045,0.0161,0.0088,0.0191,0.0000,0.0049,0.0000,0.0068,0.0266,0.0022,0.0024,0.0056,0.0000,0.0032,0.0026,0.0003,0.0181,0.0186,0.0045,0.0001,0.0263,0.0031,0.0003,0.0014,0.0000,0.0022,0.0025,0.0004,0.0019,0.0122,0.0031,0.0045,0.0065
298,0.0097,0.0022,0.0045,0.0161,0.0088,0.0191,0.0000,0.0050,0.0000,0.0068,0.0266,0.0022,0.0024,0.0056,0.0000,0.0033,0.0026,0.0003,0.0182,0.0186,0.0046,0.0002,0.0263,0.0031,0.0003,0.0014,0.0000,0.0022,0.0025,0.0004,0.0019,0.0123,0.0031,0.0045,0.0065
299,0.0097,0.0022,0.0045,0.0161,0.0088,0.0191,0.0000,0.0051,0.0000,0.0069,0.0267,0.0023,0.0024,0.0057,0.0000,0.0033,0.0027,0.0003,0.0183,0.0187,0.0046,0.0002,0.0263,0.0032,0.0003,0.0015,0.0000,0.0022,0.0026,0.0004,0.0019,0.0123,0.0031,0.0046,0.0065
