step,community_0,community_2,community_3,community_4,community_5,community_6,community_7,community_8,community_9,community_11,community_12,community_13,community_14,community_15,community_16,community_17,community_20,community_21,community_24,community_25,community_28,community_33,community_39,community_42,community_43,community_44,community_53,community_74,community_89
0,0.0040,0.0035,0.0014,0.0027,0.0035,0.0026,0.0030,0.0045,0.0042,0.0039,0.0030,0.0029,0.0032,0.0039,0.0047,0.0026,0.0013,0.0021,0.0031,0.0043,0.0034,0.0021,0.0033,0.0041,0.0041,0.0023,0.0034,0.0042,0.0035
1,0.0033,0.0032,0.0014,0.0024,0.0029,0.0023,0.0025,0.0040,0.0038,0.0037,0.0026,0.0026,0.0028,0.0035,0.0039,0.0023,0.0011,0.0018,0.0026,0.0038,0.0029,0.0017,0.0027,0.0042,0.0036,0.0021,0.0029,0.0035,0.0030
2,0.0027,0.0030,0.0014,0.0022,0.0025,0.0020,0.0022,0.0035,0.0034,0.0035,0.0023,0.0023,0.0025,0.0031,0.0033,0.0021,0.0010,0.0017,0.0022,0.0033,0.0025,0.0015,0.0024,0.0044,0.0032,0.0021,0.0026,0.0031,0.0026
3,0.0024,0.0028,0.0015,0.0019,0.0022,0.0018,0.0019,0.0032,0.0030,0.0035,0.0020,0.0020,0.0022,0.0027,0.0030,0.0019,0.0008,0.0018,0.0019,0.0030,0.0021,0.0014,0.0021,0.0047,0.0029,0.0021,0.0022,0.0029,0.0022
4,0.0022,0.0026,0.0016,0.0017,0.0020,0.0016,0.0017,0.0028,0.0027,0.0035,0.0017,0.0018,0.0020,0.0024,0.0028,0.0017,0.0007,0.0020,0.0017,0.0027,0.0018,0.0015,0.0020,0.0051,0.0025,0.0021,0.0019,0.0029,0.0019
5,0.0021,0.0025,0.0017,0.0016,0.0019,0.0015,0.0015,0.0025,0.0025,0.0036,0.0015,0.0016,0.0018,0.0022,0.0028,0.0015,0.0006,0.0023,0.0016,0.0025,0.0016,0.0017,0.0020,0.0056,0.0023,0.0023,0.0017,0.0030,0.0016
6,0.0022,0.0024,0.0018,0.0014,0.0018,0.0013,0.0014,0.0023,0.0022,0.0036,0.0013,0.0014,0.0016,0.0019,0.0030,0.0014,0.0006,0.0027,0.0015,0.0023,0.0014,0.0019,0.0021,0.0062,0.0020,0.0024,0.0015,0.0032,0.0014
7,0.0023,0.0024,0.0020,0.0013,0.0018,0.0012,0.0013,0.0021,0.0020,0.0038,0.0011,0.0013,0.0014,0.0017,0.0032,0.0012,0.0005,0.0032,0.0015,0.0021,0.0012,0.0022,0.0023,0.0068,0.0018,0.0026,0.0013,0.0035,0.0012
8,0.0024,0.0024,0.0021,0.0012,0.0019,0.0010,0.0013,0.0019,0.0018,0.0039,0.0010,0.0011,0.0012,0.0015,0.0035,0.0011,0.0004,0.0037,0.0016,0.0020,0.0010,0.0025,0.0025,0.0074,0.0017,0.0028,0.0012,0.0038,0.0011
9,0.0027,0.0023,0.0023,0.0011,0.0020,0.0009,0.0012,0.0017,0.0017,0.0041,0.0009,0.0010,0.0011,0.0014,0.0039,0.0010,0.0004,0.0043,0.0017,0.0020,0.0009,0.0029,0.0028,0.0080,0.0015,0.0031,0.0010,0.0042,0.0009
10,0.0030,0.0023,0.0025,0.0010,0.0021,0.0008,0.0012,0.0015,0.0015,0.0042,0.0008,0.0009,0.0010,0.0012,0.0043,0.0009,0.0003,0.0049,0.0018,0.0019,0.0008,0.0033,0.0031,0.0087,0.0014,0.0033,0.0009,0.0046,0.0008
11,0.0033,0.0024,0.0026,0.0009,0.0022,0.0007,0.0012,0.0014,0.0014,0.0044,0.0007,0.0008,0.0009,0.0011,0.0048,0.0009,0.0003,0.0055,0.0020,0.0019,0.0007,0.0037,0.0034,0.0093,0.0013,0.0035,0.0008,0.0050,0.0007
12,0.0037,0.0024,0.0028,0.0008,0.0024,0.0007,0.0013,0.0013,0.0013,0.0046,0.0006,0.0007,0.0008,0.0010,0.0052,0.0008,0.0003,0.0061,0.0023,0.0019,0.0006,0.0041,0.0038,0.0100,0.0012,0.0037,0.0007,0.0055,0.0006
13,0.0040,0.0024,0.0030,0.0008,0.0026,0.0006,0.0013,0.0011,0.0011,0.0047,0.0005,0.0007,0.0007,0.0009,0.0058,0.0007,0.0002,0.0068,0.0025,0.0019,0.0005,0.0044,0.0042,0.0106,0.0011,0.0040,0.0006,0.0059,0.0005
14,0.0044,0.0025,0.0031,0.0007,0.0028,0.0005,0.0013,0.0010,0.0010,0.0049,0.0005,0.0006,0.0007,0.0008,0.0063,0.0007,0.0002,0.0074,0.0028,0.0019,0.0005,0.0048,0.0045,0.0113,0.0010,0.0042,0.0006,0.0063,0.0005
15,0.0049,0.0025,0.0033,0.0007,0.0030,0.0005,0.0013,0.0009,0.0010,0.0051,0.0004,0.0006,0.0006,0.0007,0.0068,0.0006,0.0002,0.0081,0.0031,0.0019,0.0004,0.0052,0.0049,0.0119,0.0009,0.0044,0.0005,0.0067,0.0004
16,0.0053,0.0026,0.0035,0.0006,0.0032,0.0004,0.0014,0.0009,0.0009,0.0053,0.0004,0.0005,0.0005,0.0006,0.0074,0.0006,0.0002,0.0087,0.0034,0.0020,0.0004,0.0056,0.0053,0.0125,0.0009,0.0046,0.0005,0.0071,0.0004
17,0.0057,0.0026,0.0036,0.0006,0.0034,0.0004,0.0014,0.0008,0.0008,0.0054,0.0003,0.0005,0.0005,0.0006,0.0079,0.0005,0.0002,0.0093,0.0037,0.0020,0.0003,0.0060,0.0057,0.0131,0.0008,0.0048,0.0004,0.0075,0.0003
18,0.0061,0.0027,0.0038,0.0005,0.0037,0.0004,0.0015,0.0007,0.0007,0.0056,0.0003,0.0004,0.0004,0.0005,0.0084,0.0005,0.0002,0.0100,0.0040,0.0021,0.0003,0.0063,0.0061,0.0137,0.0008,0.0050,0.0004,0.0079,0.0003
19,0.0066,0.0027,0.0040,0.0005,0.0039,0.0003,0.0015,0.0007,0.0007,0.0057,0.0003,0.0004,0.0004,0.0005,0.0090,0.0005,0.0001,0.0106,0.0043,0.0022,0.0003,0.0066,0.0065,0.0143,0.0008,0.0051,0.0003,0.0082,0.0003
20,0.0070,0.0028,0.0041,0.0005,0.0041,0.0003,0.0016,0.0006,0.0006,0.0059,0.0003,0.0004,0.0004,0.0004,0.0095,0.0004,0.0001,0.0112,0.0047,0.0022,0.0002,0.0070,0.0069,0.0149,0.0008,0.0053,0.0003,0.0085,0.0002
21,0.0075,0.0028,0.0043,0.0004,0.0044,0.0003,0.0016,0.0006,0.0006,0.0060,0.0002,0.0004,0.0003,0.0004,0.0100,0.0004,0.0001,0.0118,0.0050,0.0023,0.0002,0.0073,0.0072,0.0154,0.0008,0.0055,0.0003,0.0088,0.0002
22,0.0079,0.0029,0.0044,0.0004,0.0046,0.0002,0.0017,0.0005,0.0005,0.0062,0.0002,0.0003,0.0003,0.0003,0.0106,0.0004,0.0001,0.0124,0.0054,0.0024,0.0002,0.0076,0.0076,0.0160,0.0008,0.0056,0.0003,0.0091,0.0002
23,0.0083,0.0029,0.0046,0.0004,0.0049,0.0002,0.0017,0.0005,0.0005,0.0063,0.0002,0.0003,0.0003,0.0003,0.0111,0.0004,0.0001,0.0130,0.0057,0.0025,0.0002,0.0078,0.0080,0.0165,0.0008,0.0057,0.0003,0.0094,0.0002
24,0.0087,0.0030,0.0047,0.0004,0.0051,0.0002,0.0018,0.0004,0.0004,0.0064,0.0002,0.0003,0.0003,0.0003,0.0116,0.0003,0.0001,0.0135,0.0061,0.0025,0.0002,0.0081,0.0083,0.0170,0.0008,0.0059,0.0002,0.0096,0.0002
25,0.0091,0.0031,0.0048,0.0003,0.0054,0.0002,0.0018,0.0004,0.0004,0.0065,0.0002,0.0003,0.0002,0.0003,0.0121,0.0003,0.0001,0.0141,0.0064,0.0026,0.0001,0.0083,0.0086,0.0175,0.0008,0.0060,0.0002,0.0099,0.0002
26,0.0095,0.0031,0.0050,0.0003,0.0056,0.0002,0.0019,0.0004,0.0004,0.0066,0.0002,0.0003,0.0002,0.0002,0.0125,0.0003,0.0001,0.0146,0.0068,0.0027,0.0001,0.0085,0.0090,0.0179,0.0009,0.0061,0.0002,0.0101,0.0001
27,0.0099,0.0032,0.0051,0.0003,0.0059,0.0002,0.0019,0.0003,0.0003,0.0067,0.0001,0.0003,0.0002,0.0002,0.0130,0.0003,0.0001,0.0151,0.0071,0.0028,0.0001,0.0087,0.0093,0.0184,0.0009,0.0062,0.0002,0.0103,0.0001
28,0.0103,0.0032,0.0052,0.0003,0.0061,0.0002,0.0019,0.0003,0.0003,0.0068,0.0001,0.0003,0.0002,0.0002,0.0135,0.0003,0.0001,0.0156,0.0074,0.0029,0.0001,0.0089,0.0096,0.0188,0.0009,0.0063,0.0002,0.0105,0.0001
29,0.0107,0.0033,0.0053,0.0003,0.0064,0.0001,0.0020,0.0003,0.0003,0.0069,0.0001,0.0003,0.0002,0.0002,0.0139,0.0003,0.0001,0.0161,0.0077,0.0030,0.0001,0.0091,0.0099,0.0193,0.0010,0.0064,0.0002,0.0106,0.0001
30,0.0110,0.0033,0.0055,0.0002,0.0066,0.0001,0.0020,0.0003,0.0003,0.0070,0.0001,0.0003,0.0002,0.0002,0.0144,0.0003,0.0001,0.0166,0.0081,0.0031,0.0001,0.0093,0.0102,0.0197,0.0011,0.0064,0.0002,0.0108,0.0001
31,0.0114,0.0034,0.0056,0.0002,0.0069,0.0001,0.0021,0.0003,0.0003,0.0071,0.0001,0.0003,0.0002,0.0002,0.0148,0.0003,0.0001,0.0170,0.0084,0.0031,0.0001,0.0094,0.0105,0.0201,0.0012,0.0065,0.0002,0.0109,0.0001
32,0.0117,0.0034,0.0057,0.0002,0.0071,0.0001,0.0021,0.0002,0.0002,0.0072,0.0001,0.0003,0.0002,0.0002,0.0152,0.0003,0.0001,0.0174,0.0087,0.0032,0.0001,0.0096,0.0107,0.0204,0.0013,0.0066,0.0002,0.0111,0.0001
33,0.0120,0.0035,0.0058,0.0002,0.0074,0.0001,0.0021,0.0002,0.0002,0.0072,0.0001,0.0003,0.0002,0.0002,0.0156,0.0003,0.0001,0.0179,0.0090,0.0033,0.0001,0.0097,0.0110,0.0208,0.0014,0.0066,0.0002,0.0112,0.0001
34,0.0124,0.0035,0.0059,0.0002,0.0076,0.0001,0.0022,0.0002,0.0002,0.0073,0.0001,0.0003,0.0002,0.0002,0.0160,0.0003,0.0001,0.0183,0.0093,0.0034,0.0001,0.0098,0.0112,0.0212,0.0015,0.0067,0.0002,0.0113,0.0001
35,0.0127,0.0036,0.0060,0.0002,0.0079,0.0001,0.0022,0.0002,0.0002,0.0074,0.0001,0.0003,0.0002,0.0002,0.0164,0.0003,0.0001,0.0187,0.0096,0.0035,0.0001,0.0099,0.0115,0.0215,0.0016,0.0067,0.0002,0.0114,0.0001
36,0.0130,0.0036,0.0061,0.0002,0.0081,0.0001,0.0022,0.0002,0.0002,0.0074,0.0001,0.0004,0.0002,0.0002,0.0167,0.0003,0.0001,0.0191,0.0098,0.0035,0.0001,0.0100,0.0117,0.0218,0.0018,0.0068,0.0002,0.0115,0.0001
37,0.0132,0.0037,0.0062,0.0002,0.0084,0.0001,0.0022,0.0002,0.0002,0.0075,0.0001,0.0004,0.0002,0.0002,0.0171,0.0003,0.0001,0.0194,0.0101,0.0036,0.0001,0.0101,0.0119,0.0221,0.0019,0.0068,0.0002,0.0115,0.0001
38,0.0135,0.0037,0.0063,0.0002,0.0086,0.0001,0.0023,0.0002,0.0002,0.0076,0.0001,0.0004,0.0002,0.0002,0.0174,0.0003,0.0002,0.0198,0.0104,0.0037,0.0000,0.0102,0.0122,0.0224,0.0021,0.0069,0.0002,0.0116,0.0001
39,0.0138,0.0038,0.0064,0.0002,0.0089,0.0001,0.0023,0.0001,0.0001,0.0076,0.0001,0.0004,0.0002,0.0002,0.0178,0.0003,0.0002,0.0201,0.0106,0.0038,0.0000,0.0103,0.0124,0.0227,0.0023,0.0069,0.0002,0.0117,0.0001
40,0.0140,0.0038,0.0065,0.0001,0.0091,0.0001,0.0023,0.0001,0.0001,0.0077,0.0001,0.0004,0.0002,0.0002,0.0181,0.0003,0.0002,0.0204,0.0108,0.0039,0.0000,0.0103,0.0126,0.0230,0.0026,0.0070,0.0002,0.0117,0.0001
41,0.0143,0.0039,0.0066,0.0001,0.0093,0.0001,0.0023,0.0001,0.0001,0.0077,0.0001,0.0005,0.0002,0.0002,0.0184,0.0003,0.0002,0.0207,0.0111,0.0039,0.0000,0.0104,0.0128,0.0233,0.0028,0.0070,0.0002,0.0118,0.0001
42,0.0145,0.0039,0.0067,0.0001,0.0096,0.0002,0.0024,0.0001,0.0001,0.0078,0.0001,0.0005,0.0002,0.0002,0.0187,0.0003,0.0002,0.0210,0.0113,0.0040,0.0000,0.0104,0.0129,0.0236,0.0031,0.0070,0.0002,0.0118,0.0001
43,0.0147,0.0039,0.0067,0.0001,0.0098,0.0002,0.0024,0.0001,0.0001,0.0078,0.0001,0.0005,0.0002,0.0002,0.0190,0.0003,0.0002,0.0213,0.0115,0.0041,0.0000,0.0105,0.0131,0.0238,0.0034,0.0071,0.0002,0.0119,0.0001
44,0.0150,0.0040,0.0068,0.0001,0.0101,0.0002,0.0024,0.0001,0.0001,0.0079,0.0001,0.0005,0.0002,0.0002,0.0193,0.0003,0.0002,0.0216,0.0117,0.0042,0.0000,0.0105,0.0133,0.0241,0.0037,0.0071,0.0002,0.0119,0.0001
45,0.0152,0.0040,0.0069,0.0001,0.0103,0.0002,0.0024,0.0001,0.0001,0.0079,0.0001,0.0006,0.0002,0.0003,0.0196,0.0003,0.0002,0.0218,0.0119,0.0042,0.0000,0.0106,0.0134,0.0243,0.0041,0.0071,0.0002,0.0119,0.0001
46,0.0154,0.0040,0.0070,0.0001,0.0105,0.0002,0.0025,0.0001,0.0001,0.0080,0.0001,0.0006,0.0002,0.0003,0.0198,0.0003,0.0002,0.0221,0.0121,0.0043,0.0000,0.0106,0.0136,0.0245,0.0045,0.0072,0.0003,0.0119,0.0001
47,0.0156,0.0041,0.0070,0.0001,0.0107,0.0002,0.0025,0.0001,0.0001,0.0080,0.0001,0.0006,0.0002,0.0003,0.0201,0.0004,0.0003,0.0223,0.0123,0.0044,0.0000,0.0106,0.0137,0.0247,0.0049,0.0072,0.0003,0.0120,0.0001
48,0.0157,0.0041,0.0071,0.0001,0.0110,0.0002,0.0025,0.0001,0.0001,0.0081,0.0001,0.0007,0.0002,0.0003,0.0203,0.0004,0.0003,0.0225,0.0125,0.0044,0.0000,0.0106,0.0139,0.0249,0.0054,0.0072,0.0003,0.0120,0.0001
49,0.0159,0.0041,0.0072,0.0001,0.0112,0.0002,0.0025,0.0001,0.0001,0.0081,0.0001,0.0007,0.0002,0.0003,0.0206,0.0004,0.0003,0.0227,0.0127,0.0045,0.0000,0.0107,0.0140,0.0251,0.0059,0.0072,0.0003,0.0120,0.0001
50,0.0161,0.0042,0.0072,0.0001,0.0114,0.0002,0.0025,0.0001,0.0001,0.0081,0.0001,0.0007,0.0002,0.0004,0.0208,0.0004,0.0003,0.0229,0.0128,0.0046,0.0000,0.0107,0.0142,0.0253,0.0064,0.0073,0.0003,0.0120,0.0001
51,0.0162,0.0042,0.0073,0.0001,0.0116,0.0002,0.0025,0.0001,0.0001,0.0082,0.0002,0.0008,0.0002,0.0004,0.0210,0.0004,0.0003,0.0231,0.0130,0.0046,0.0000,0.0107,0.0143,0.0255,0.0070,0.0073,0.0003,0.0120,0.0001
52,0.0164,0.0042,0.0073,0.0001,0.0119,0.0002,0.0026,0.0001,0.0001,0.0082,0.0002,0.0008,0.0002,0.0004,0.0213,0.0004,0.0003,0.0233,0.0131,0.0047,0.0000,0.0107,0.0144,0.0257,0.0076,0.0073,0.0003,0.0120,0.0001
53,0.0165,0.0042,0.0074,0.0001,0.0121,0.0003,0.0026,0.0001,0.0001,0.0083,0.0002,0.0009,0.0002,0.0004,0.0215,0.0004,0.0003,0.0234,0.0133,0.0048,0.0000,0.0107,0.0145,0.0259,0.0083,0.0073,0.0003,0.0120,0.0001
54,0.0167,0.0043,0.0075,0.0001,0.0123,0.0003,0.0026,0.0001,0.0001,0.0083,0.0002,0.0009,0.0002,0.0005,0.0217,0.0005,0.0004,0.0236,0.0134,0.0048,0.0000,0.0107,0.0146,0.0260,0.0090,0.0074,0.0004,0.0120,0.0001
55,0.0168,0.0043,0.0075,0.0001,0.0125,0.0003,0.0026,0.0001,0.0000,0.0083,0.0002,0.0010,0.0002,0.0005,0.0219,0.0005,0.0004,0.0237,0.0136,0.0049,0.0000,0.0107,0.0147,0.0262,0.0097,0.0074,0.0004,0.0120,0.0001
56,0.0169,0.0043,0.0076,0.0001,0.0127,0.0003,0.0026,0.0001,0.0000,0.0084,0.0002,0.0010,0.0002,0.0006,0.0221,0.0005,0.0004,0.0239,0.0137,0.0049,0.0000,0.0107,0.0148,0.0263,0.0104,0.0074,0.0004,0.0120,0.0001
57,0.0170,0.0043,0.0076,0.0001,0.0129,0.0003,0.0026,0.0001,0.0000,0.0084,0.0002,0.0011,0.0003,0.0006,0.0222,0.0005,0.0004,0.0240,0.0138,0.0050,0.0000,0.0107,0.0149,0.0265,0.0112,0.0074,0.0004,0.0120,0.0001
58,0.0172,0.0044,0.0077,0.0001,0.0131,0.0003,0.0027,0.0001,0.0000,0.0084,0.0002,0.0011,0.0003,0.0006,0.0224,0.0006,0.0004,0.0241,0.0139,0.0050,0.0000,0.0107,0.0150,0.0266,0.0121,0.0075,0.0004,0.0120,0.0001
59,0.0173,0.0044,0.0077,0.0001,0.0133,0.0003,0.0027,0.0001,0.0000,0.0085,0.0002,0.0012,0.0003,0.0007,0.0226,0.0006,0.0004,0.0242,0.0140,0.0051,0.0000,0.0107,0.0151,0.0267,0.0129,0.0075,0.0004,0.0120,0.0001
60,0.0174,0.0044,0.0078,0.0001,0.0135,0.0003,0.0027,0.0001,0.0000,0.0085,0.0003,0.0012,0.0003,0.0007,0.0228,0.0006,0.0005,0.0243,0.0141,0.0052,0.0000,0.0107,0.0152,0.0268,0.0138,0.0075,0.0005,0.0120,0.0001
61,0.0175,0.0044,0.0078,0.0001,0.0137,0.0003,0.0027,0.0001,0.0000,0.0086,0.0003,0.0013,0.0003,0.0008,0.0229,0.0006,0.0005,0.0244,0.0142,0.0052,0.0000,0.0107,0.0153,0.0270,0.0147,0.0075,0.0005,0.0120,0.0001
62,0.0175,0.0044,0.0078,0.0001,0.0139,0.0004,0.0027,0.0001,0.0000,0.0086,0.0003,0.0014,0.0003,0.0008,0.0231,0.0006,0.0005,0.0245,0.0143,0.0053,0.0000,0.0107,0.0153,0.0271,0.0157,0.0076,0.0005,0.0120,0.0001
63,0.0176,0.0044,0.0079,0.0000,0.0141,0.0004,0.0027,0.0001,0.0000,0.0086,0.0003,0.0014,0.0003,0.0009,0.0232,0.0007,0.0005,0.0246,0.0144,0.0053,0.0000,0.0107,0.0154,0.0272,0.0166,0.0076,0.0005,0.0120,0.0001
64,0.0177,0.0045,0.0079,0.0000,0.0143,0.0004,0.0027,0.0000,0.0000,0.0087,0.0003,0.0015,0.0003,0.0009,0.0234,0.0007,0.0005,0.0247,0.0145,0.0054,0.0000,0.0107,0.0155,0.0273,0.0176,0.0076,0.0005,0.0120,0.0001
65,0.0178,0.0045,0.0080,0.0000,0.0144,0.0004,0.0028,0.0000,0.0000,0.0087,0.0004,0.0016,0.0003,0.0010,0.0235,0.0007,0.0006,0.0247,0.0146,0.0054,0.0000,0.0107,0.0155,0.0274,0.0185,0.0076,0.0006,0.0120,0.0001
66,0.0179,0.0045,0.0080,0.0000,0.0146,0.0004,0.0028,0.0000,0.0000,0.0087,0.0004,0.0016,0.0003,0.0011,0.0237,0.0007,0.0006,0.0248,0.0147,0.0055,0.0000,0.0107,0.0156,0.0275,0.0195,0.0077,0.0006,0.0120,0.0001
67,0.0179,0.0045,0.0081,0.0000,0.0148,0.0004,0.0028,0.0000,0.0000,0.0088,0.0004,0.0017,0.0004,0.0011,0.0238,0.0008,0.0006,0.0248,0.0147,0.0055,0.0000,0.0107,0.0157,0.0276,0.0204,0.0077,0.0006,0.0119,0.0001
68,0.0180,0.0045,0.0081,0.0000,0.0150,0.0004,0.0028,0.0000,0.0000,0.0088,0.0004,0.0018,0.0004,0.0012,0.0240,0.0008,0.0006,0.0249,0.0148,0.0055,0.0000,0.0106,0.0157,0.0277,0.0214,0.0077,0.0006,0.0119,0.0002
69,0.0181,0.0045,0.0081,0.0000,0.0151,0.0004,0.0028,0.0000,0.0000,0.0088,0.0005,0.0019,0.0004,0.0013,0.0241,0.0008,0.0006,0.0249,0.0149,0.0056,0.0000,0.0106,0.0158,0.0277,0.0223,0.0077,0.0007,0.0119,0.0002
70,0.0181,0.0045,0.0082,0.0000,0.0153,0.0005,0.0028,0.0000,0.0000,0.0089,0.0005,0.0019,0.0004,0.0013,0.0242,0.0008,0.0007,0.0250,0.0149,0.0056,0.0000,0.0106,0.0158,0.0278,0.0232,0.0078,0.0007,0.0119,0.0002
71,0.0182,0.0045,0.0082,0.0000,0.0155,0.0005,0.0028,0.0000,0.0000,0.0089,0.0005,0.0020,0.0004,0.0014,0.0244,0.0009,0.0007,0.0250,0.0150,0.0057,0.0000,0.0106,0.0159,0.0279,0.0241,0.0078,0.0007,0.0119,0.0002
72,0.0182,0.0045,0.0082,0.0000,0.0156,0.0005,0.0029,0.0000,0.0000,0.0089,0.0005,0.0021,0.0004,0.0015,0.0245,0.0009,0.0007,0.0251,0.0150,0.0057,0.0000,0.0106,0.0159,0.0280,0.0250,0.0078,0.0008,0.0119,0.0002
73,0.0183,0.0045,0.0083,0.0000,0.0158,0.0005,0.0029,0.0000,0.0000,0.0090,0.0006,0.0022,0.0004,0.0016,0.0246,0.0009,0.0007,0.0251,0.0151,0.0058,0.0000,0.0106,0.0160,0.0280,0.0258,0.0078,0.0008,0.0119,0.0002
74,0.0183,0.0045,0.0083,0.0000,0.0159,0.0005,0.0029,0.0000,0.0000,0.0090,0.0006,0.0023,0.0004,0.0016,0.0247,0.0010,0.0007,0.0251,0.0151,0.0058,0.0000,0.0106,0.0160,0.0281,0.0267,0.0079,0.0008,0.0119,0.0002
75,0.0183,0.0046,0.0083,0.0000,0.0161,0.0005,0.0029,0.0000,0.0000,0.0090,0.0006,0.0024,0.0004,0.0017,0.0248,0.0010,0.0008,0.0251,0.0152,0.0058,0.0000,0.0106,0.0160,0.0282,0.0274,0.0079,0.0009,0.0119,0.0002
76,0.0184,0.0046,0.0084,0.0000,0.0162,0.0005,0.0029,0.0000,0.0000,0.0091,0.0007,0.0025,0.0005,0.0018,0.0249,0.0010,0.0008,0.0252,0.0152,0.0059,0.0000,0.0106,0.0161,0.0282,0.0282,0.0079,0.0009,0.0119,0.0002
77,0.0184,0.0046,0.0084,0.0000,0.0164,0.0006,0.0029,0.0000,0.0000,0.0091,0.0007,0.0026,0.0005,0.0019,0.0250,0.0011,0.0008,0.0252,0.0153,0.0059,0.0000,0.0105,0.0161,0.0283,0.0289,0.0079,0.0009,0.0118,0.0002
78,0.0184,0.0046,0.0084,0.0000,0.0165,0.0006,0.0030,0.0000,0.0000,0.0091,0.0007,0.0027,0.0005,0.0019,0.0251,0.0011,0.0008,0.0252,0.0153,0.0060,0.0000,0.0105,0.0161,0.0283,0.0295,0.0080,0.0010,0.0118,0.0002
79,0.0185,0.0046,0.0085,0.0000,0.0167,0.0006,0.0030,0.0000,0.0000,0.0092,0.0008,0.0028,0.0005,0.0020,0.0252,0.0011,0.0008,0.0252,0.0153,0.0060,0.0000,0.0105,0.0162,0.0284,0.0302,0.0080,0.0010,0.0118,0.0002
80,0.0185,0.0046,0.0085,0.0000,0.0168,0.0006,0.0030,0.0000,0.0000,0.0092,0.0008,0.0029,0.0005,0.0021,0.0253,0.0011,0.0009,0.0252,0.0153,0.0060,0.0000,0.0105,0.0162,0.0284,0.0308,0.0080,0.0011,0.0118,0.0002
81,0.0185,0.0046,0.0085,0.0000,0.0169,0.0006,0.0030,0.0000,0.0000,0.0092,0.0009,0.0030,0.0005,0.0022,0.0254,0.0012,0.0009,0.0252,0.0154,0.0061,0.0000,0.0105,0.0162,0.0285,0.0313,0.0081,0.0011,0.0118,0.0002
82,0.0185,0.0046,0.0085,0.0000,0.0171,0.0006,0.0030,0.0000,0.0000,0.0093,0.0009,0.0031,0.0005,0.0023,0.0255,0.0012,0.0009,0.0252,0.0154,0.0061,0.0000,0.0105,0.0163,0.0285,0.0318,0.0081,0.0011,0.0118,0.0002
83,0.0186,0.0046,0.0086,0.0000,0.0172,0.0006,0.0030,0.0000,0.0000,0.0093,0.0009,0.0032,0.0005,0.0023,0.0256,0.0012,0.0009,0.0252,0.0154,0.0061,0.0000,0.0105,0.0163,0.0286,0.0323,0.0081,0.0012,0.0118,0.0002
84,0.0186,0.0046,0.0086,0.0000,0.0173,0.0006,0.0031,0.0001,0.0000,0.0094,0.0010,0.0034,0.0005,0.0024,0.0257,0.0013,0.0009,0.0252,0.0154,0.0062,0.0000,0.0105,0.0163,0.0286,0.0328,0.0081,0.0012,0.0118,0.0002
85,0.0186,0.0046,0.0086,0.0000,0.0175,0.0007,0.0031,0.0001,0.0000,0.0094,0.0010,0.0035,0.0006,0.0025,0.0258,0.0013,0.0010,0.0252,0.0155,0.0062,0.0000,0.0105,0.0163,0.0286,0.0332,0.0082,0.0013,0.0118,0.0002
86,0.0186,0.0046,0.0086,0.0000,0.0176,0.0007,0.0031,0.0001,0.0000,0.0094,0.0011,0.0036,0.0006,0.0026,0.0259,0.0013,0.0010,0.0252,0.0155,0.0062,0.0000,0.0104,0.0164,0.0286,0.0335,0.0082,0.0013,0.0118,0.0002
87,0.0186,0.0046,0.0087,0.0000,0.0177,0.0007,0.0031,0.0001,0.0000,0.0095,0.0011,0.0037,0.0006,0.0026,0.0259,0.0014,0.0010,0.0252,0.0155,0.0062,0.0000,0.0104,0.0164,0.0287,0.0339,0.0082,0.0014,0.0118,0.0002
88,0.0186,0.0046,0.0087,0.0000,0.0178,0.0007,0.0031,0.0001,0.0000,0.0095,0.0012,0.0039,0.0006,0.0027,0.0260,0.0014,0.0010,0.0252,0.0155,0.0063,0.0000,0.0104,0.0164,0.0287,0.0342,0.0082,0.0014,0.0117,0.0002
89,0.0186,0.0046,0.0087,0.0000,0.0179,0.0007,0.0031,0.0001,0.0000,0.0095,0.0012,0.0040,0.0006,0.0028,0.0261,0.0014,0.0011,0.0252,0.0155,0.0063,0.0000,0.0104,0.0164,0.0287,0.0345,0.0083,0.0015,0.0117,0.0002
90,0.0186,0.0046,0.0088,0.0000,0.0180,0.0007,0.0032,0.0001,0.0000,0.0096,0.0012,0.0041,0.0006,0.0029,0.0262,0.0015,0.0011,0.0252,0.0155,0.0063,0.0000,0.0104,0.0164,0.0287,0.0347,0.0083,0.0015,0.0117,0.0002
91,0.0186,0.0046,0.0088,0.0000,0.0181,0.0007,0.0032,0.0001,0.0000,0.0096,0.0013,0.0043,0.0006,0.0029,0.0262,0.0015,0.0011,0.0252,0.0155,0.0064,0.0000,0.0104,0.0164,0.0288,0.0349,0.0083,0.0016,0.0117,0.0002
92,0.0186,0.0045,0.0088,0.0000,0.0182,0.0008,0.0032,0.0001,0.0000,0.0096,0.0013,0.0044,0.0006,0.0030,0.0263,0.0016,0.0011,0.0252,0.0155,0.0064,0.0000,0.0104,0.0165,0.0288,0.0351,0.0083,0.0016,0.0117,0.0002
93,0.0186,0.0045,0.0088,0.0000,0.0183,0.0008,0.0032,0.0001,0.0000,0.0097,0.0014,0.0046,0.0006,0.0031,0.0263,0.0016,0.0011,0.0252,0.0155,0.0064,0.0000,0.0104,0.0165,0.0288,0.0353,0.0084,0.0017,0.0117,0.0002
94,0.0186,0.0045,0.0089,0.0000,0.0184,0.0008,0.0033,0.0001,0.0000,0.0097,0.0014,0.0047,0.0006,0.0031,0.0264,0.0016,0.0012,0.0252,0.0155,0.0064,0.0000,0.0104,0.0165,0.0288,0.0354,0.0084,0.0017,0.0117,0.0002
95,0.0186,0.0045,0.0089,0.0000,0.0185,0.0008,0.0033,0.0001,0.0000,0.0097,0.0015,0.0049,0.0007,0.0032,0.0265,0.0017,0.0012,0.0252,0.0155,0.0065,0.0000,0.0104,0.0165,0.0288,0.0356,0.0084,0.0018,0.0117,0.0002
96,0.0186,0.0045,0.0089,0.0000,0.0186,0.0008,0.0033,0.0001,0.0000,0.0098,0.0015,0.0050,0.0007,0.0033,0.0265,0.0017,0.0012,0.0252,0.0155,0.0065,0.0000,0.0104,0.0165,0.0288,0.0357,0.0084,0.0018,0.0117,0.0002
97,0.0186,0.0045,0.0089,0.0000,0.0187,0.0008,0.0033,0.0001,0.0000,0.0098,0.0016,0.0052,0.0007,0.0033,0.0266,0.0018,0.0012,0.0252,0.0155,0.0065,0.0000,0.0103,0.0165,0.0288,0.0358,0.0085,0.0019,0.0117,0.0002
98,0.0186,0.0045,0.0090,0.0000,0.0188,0.0008,0.0033,0.0001,0.0000,0.0098,0.0016,0.0054,0.0007,0.0034,0.0266,0.0018,0.0012,0.0252,0.0155,0.0065,0.0000,0.0103,0.0165,0.0288,0.0358,0.0085,0.0020,0.0117,0.0002
99,0.0186,0.0045,0.0090,0.0000,0.0189,0.0008,0.0034,0.0001,0.0000,0.0099,0.0017,0.0055,0.0007,0.0034,0.0267,0.0018,0.0013,0.0252,0.0155,0.0066,0.0000,0.0103,0.0165,0.0289,0.0359,0.0085,0.0020,0.0117,0.0002
100,0.0186,0.0045,0.0090,0.0000,0.0190,0.0009,0.0034,0.0001,0.0000,0.0099,0.0017,0.0057,0.0007,0.0035,0.0267,0.0019,0.0013,0.0252,0.0155,0.0066,0.0000,0.0103,0.0166,0.0289,0.0359,0.0085,0.0021,0.0117,0.0002
101,0.0186,0.0045,0.0090,0.0000,0.0191,0.0009,0.0034,0.0001,0.0000,0.0100,0.0017,0.0059,0.0007,0.0035,0.0268,0.0019,0.0013,0.0252,0.0155,0.0066,0.0000,0.0103,0.0166,0.0289,0.0360,0.0086,0.0021,0.0117,0.0002
102,0.0186,0.0045,0.0091,0.0000,0.0192,0.0009,0.0034,0.0001,0.0000,0.0100,0.0018,0.0060,0.0007,0.0036,0.0268,0.0020,0.0013,0.0252,0.0155,0.0066,0.0000,0.0103,0.0166,0.0289,0.0360,0.0086,0.0022,0.0117,0.0002
103,0.0186,0.0045,0.0091,0.0000,0.0192,0.0009,0.0035,0.0001,0.0000,0.0100,0.0018,0.0062,0.0007,0.0036,0.0268,0.0020,0.0013,0.0252,0.0154,0.0066,0.0000,0.0103,0.0166,0.0289,0.0360,0.0086,0.0022,0.0116,0.0002
104,0.0186,0.0045,0.0091,0.0000,0.0193,0.0009,0.0035,0.0001,0.0000,0.0101,0.0019,0.0064,0.0007,0.0037,0.0269,0.0020,0.0013,0.0251,0.0154,0.0067,0.0000,0.0103,0.0166,0.0289,0.0360,0.0086,0.0023,0.0116,0.0002
105,0.0185,0.0045,0.0091,0.0000,0.0194,0.0009,0.0035,0.0001,0.0000,0.0101,0.0019,0.0066,0.0008,0.0037,0.0269,0.0021,0.0014,0.0251,0.0154,0.0067,0.0000,0.0103,0.0166,0.0288,0.0360,0.0086,0.0024,0.0116,0.0002
106,0.0185,0.0045,0.0091,0.0000,0.0195,0.0009,0.0035,0.0001,0.0000,0.0101,0.0020,0.0068,0.0008,0.0038,0.0269,0.0021,0.0014,0.0251,0.0154,0.0067,0.0000,0.0103,0.0166,0.0288,0.0360,0.0087,0.0024,0.0116,0.0002
107,0.0185,0.0044,0.0092,0.0000,0.0195,0.0010,0.0036,0.0001,0.0000,0.0102,0.0020,0.0069,0.0008,0.0038,0.0270,0.0022,0.0014,0.0251,0.0154,0.0067,0.0000,0.0103,0.0166,0.0288,0.0359,0.0087,0.0025,0.0116,0.0002
108,0.0185,0.0044,0.0092,0.0000,0.0196,0.0010,0.0036,0.0001,0.0000,0.0102,0.0021,0.0071,0.0008,0.0038,0.0270,0.0022,0.0014,0.0251,0.0153,0.0067,0.0000,0.0103,0.0166,0.0288,0.0359,0.0087,0.0025,0.0116,0.0003
109,0.0185,0.0044,0.0092,0.0000,0.0197,0.0010,0.0036,0.0001,0.0000,0.0102,0.0021,0.0073,0.0008,0.0039,0.0270,0.0023,0.0014,0.0251,0.0153,0.0068,0.0000,0.0103,0.0166,0.0288,0.0359,0.0087,0.0026,0.0116,0.0003
110,0.0185,0.0044,0.0092,0.0000,0.0197,0.0010,0.0037,0.0001,0.0000,0.0103,0.0022,0.0075,0.0008,0.0039,0.0270,0.0023,0.0015,0.0251,0.0153,0.0068,0.0000,0.0102,0.0166,0.0288,0.0358,0.0087,0.0027,0.0116,0.0003
111,0.0184,0.0044,0.0093,0.0000,0.0198,0.0010,0.0037,0.0001,0.0000,0.0103,0.0022,0.0077,0.0008,0.0040,0.0271,0.0024,0.0015,0.0251,0.0153,0.0068,0.0000,0.0102,0.0166,0.0288,0.0358,0.0087,0.0027,0.0116,0.0003
112,0.0184,0.0044,0.0093,0.0000,0.0198,0.0010,0.0037,0.0001,0.0000,0.0103,0.0023,0.0079,0.0008,0.0040,0.0271,0.0024,0.0015,0.0251,0.0152,0.0068,0.0000,0.0102,0.0166,0.0288,0.0357,0.0088,0.0028,0.0116,0.0003
113,0.0184,0.0044,0.0093,0.0000,0.0199,0.0010,0.0037,0.0001,0.0000,0.0104,0.0023,0.0081,0.0008,0.0040,0.0271,0.0025,0.0015,0.0251,0.0152,0.0068,0.0000,0.0102,0.0166,0.0288,0.0357,0.0088,0.0029,0.0116,0.0003
114,0.0184,0.0044,0.0093,0.0000,0.0200,0.0010,0.0038,0.0001,0.0000,0.0104,0.0023,0.0083,0.0008,0.0040,0.0271,0.0025,0.0015,0.0251,0.0152,0.0068,0.0000,0.0102,0.0166,0.0288,0.0356,0.0088,0.0029,0.0116,0.0003
115,0.0184,0.0044,0.0094,0.0000,0.0200,0.0011,0.0038,0.0001,0.0000,0.0105,0.0024,0.0085,0.0008,0.0041,0.0271,0.0026,0.0015,0.0251,0.0152,0.0069,0.0000,0.0102,0.0166,0.0288,0.0356,0.0088,0.0030,0.0116,0.0003
116,0.0183,0.0044,0.0094,0.0000,0.0201,0.0011,0.0038,0.0001,0.0000,0.0105,0.0024,0.0087,0.0008,0.0041,0.0272,0.0026,0.0016,0.0251,0.0151,0.0069,0.0000,0.0102,0.0166,0.0287,0.0355,0.0088,0.0030,0.0116,0.0003
117,0.0183,0.0044,0.0094,0.0000,0.0201,0.0011,0.0039,0.0001,0.0000,0.0105,0.0025,0.0089,0.0009,0.0041,0.0272,0.0027,0.0016,0.0251,0.0151,0.0069,0.0000,0.0102,0.0166,0.0287,0.0355,0.0088,0.0031,0.0116,0.0003
118,0.0183,0.0043,0.0094,0.0000,0.0202,0.0011,0.0039,0.0001,0.0000,0.0106,0.0025,0.0091,0.0009,0.0042,0.0272,0.0028,0.0016,0.0250,0.0151,0.0069,0.0000,0.0102,0.0166,0.0287,0.0354,0.0088,0.0032,0.0116,0.0003
119,0.0183,0.0043,0.0095,0.0000,0.0202,0.0011,0.0039,0.0001,0.0000,0.0106,0.0026,0.0094,0.0009,0.0042,0.0272,0.0028,0.0016,0.0250,0.0150,0.0069,0.0000,0.0102,0.0166,0.0287,0.0353,0.0089,0.0032,0.0116,0.0003
120,0.0183,0.0043,0.0095,0.0000,0.0203,0.0011,0.0040,0.0001,0.0000,0.0106,0.0026,0.0096,0.0009,0.0042,0.0272,0.0029,0.0016,0.0250,0.0150,0.0069,0.0000,0.0102,0.0167,0.0287,0.0353,0.0089,0.0033,0.0116,0.0003
121,0.0182,0.0043,0.0095,0.0000,0.0203,0.0011,0.0040,0.0001,0.0000,0.0107,0.0027,0.0098,0.0009,0.0042,0.0272,0.0029,0.0016,0.0250,0.0150,0.0070,0.0000,0.0102,0.0167,0.0287,0.0352,0.0089,0.0034,0.0116,0.0003
122,0.0182,0.0043,0.0095,0.0000,0.0204,0.0011,0.0040,0.0001,0.0000,0.0107,0.0027,0.0100,0.0009,0.0042,0.0272,0.0030,0.0017,0.0250,0.0149,0.0070,0.0000,0.0102,0.0167,0.0287,0.0352,0.0089,0.0034,0.0116,0.0003
123,0.0182,0.0043,0.0096,0.0000,0.0204,0.0012,0.0041,0.0001,0.0000,0.0107,0.0028,0.0102,0.0009,0.0043,0.0272,0.0031,0.0017,0.0250,0.0149,0.0070,0.0000,0.0102,0.0167,0.0286,0.0351,0.0089,0.0035,0.0116,0.0004
124,0.0182,0.0043,0.0096,0.0000,0.0205,0.0012,0.0041,0.0001,0.0000,0.0108,0.0028,0.0104,0.0009,0.0043,0.0272,0.0031,0.0017,0.0250,0.0149,0.0070,0.0000,0.0102,0.0167,0.0286,0.0350,0.0089,0.0036,0.0116,0.0004
125,0.0181,0.0043,0.0096,0.0000,0.0205,0.0012,0.0041,0.0001,0.0000,0.0108,0.0029,0.0106,0.0009,0.0043,0.0272,0.0032,0.0017,0.0250,0.0148,0.0070,0.0000,0.0102,0.0167,0.0286,0.0350,0.0089,0.0036,0.0116,0.0004
126,0.0181,0.0043,0.0096,0.0000,0.0205,0.0012,0.0042,0.0001,0.0000,0.0108,0.0029,0.0109,0.0009,0.0043,0.0273,0.0033,0.0017,0.0250,0.0148,0.0070,0.0000,0.0102,0.0167,0.0286,0.0349,0.0089,0.0037,0.0116,0.0004
127,0.0181,0.0043,0.0097,0.0000,0.0206,0.0012,0.0042,0.0001,0.0000,0.0109,0.0030,0.0111,0.0009,0.0043,0.0273,0.0033,0.0017,0.0250,0.0148,0.0070,0.0000,0.0102,0.0167,0.0286,0.0349,0.0090,0.0038,0.0116,0.0004
128,0.0180,0.0042,0.0097,0.0000,0.0206,0.0012,0.0042,0.0001,0.0000,0.0109,0.0030,0.0113,0.0009,0.0044,0.0273,0.0034,0.0017,0.0250,0.0147,0.0070,0.0000,0.0102,0.0167,0.0286,0.0348,0.0090,0.0038,0.0116,0.0004
129,0.0180,0.0042,0.0097,0.0000,0.0207,0.0012,0.0043,0.0001,0.0000,0.0110,0.0031,0.0115,0.0009,0.0044,0.0273,0.0035,0.0018,0.0250,0.0147,0.0071,0.0000,0.0102,0.0167,0.0286,0.0348,0.0090,0.0039,0.0116,0.0004
130,0.0180,0.0042,0.0097,0.0000,0.0207,0.0012,0.0043,0.0001,0.0000,0.0110,0.0031,0.0117,0.0009,0.0044,0.0273,0.0036,0.0018,0.0250,0.0146,0.0071,0.0000,0.0102,0.0167,0.0285,0.0347,0.0090,0.0040,0.0116,0.0004
131,0.0180,0.0042,0.0098,0.0000,0.0207,0.0013,0.0043,0.0001,0.0000,0.0110,0.0032,0.0120,0.0009,0.0044,0.0273,0.0036,0.0018,0.0250,0.0146,0.0071,0.0000,0.0102,0.0167,0.0285,0.0347,0.0090,0.0040,0.0116,0.0004
132,0.0179,0.0042,0.0098,0.0000,0.0208,0.0013,0.0044,0.0001,0.0000,0.0111,0.0033,0.0122,0.0010,0.0044,0.0273,0.0037,0.0018,0.0250,0.0145,0.0071,0.0000,0.0102,0.0167,0.0285,0.0346,0.0090,0.0041,0.0116,0.0005
133,0.0179,0.0042,0.0098,0.0000,0.0208,0.0013,0.0044,0.0001,0.0000,0.0111,0.0033,0.0124,0.0010,0.0044,0.0273,0.0038,0.0018,0.0250,0.0145,0.0071,0.0000,0.0101,0.0167,0.0285,0.0346,0.0090,0.0042,0.0116,0.0005
134,0.0179,0.0042,0.0098,0.0000,0.0208,0.0013,0.0045,0.0001,0.0000,0.0111,0.0034,0.0126,0.0010,0.0044,0.0273,0.0039,0.0018,0.0250,0.0145,0.0071,0.0000,0.0101,0.0167,0.0285,0.0345,0.0090,0.0042,0.0116,0.0005
135,0.0178,0.0042,0.0099,0.0000,0.0209,0.0013,0.0045,0.0001,0.0000,0.0112,0.0034,0.0128,0.0010,0.0044,0.0273,0.0039,0.0018,0.0250,0.0144,0.0071,0.0000,0.0101,0.0167,0.0285,0.0345,0.0090,0.0043,0.0116,0.0005
136,0.0178,0.0042,0.0099,0.0000,0.0209,0.0013,0.0045,0.0001,0.0000,0.0112,0.0035,0.0131,0.0010,0.0045,0.0273,0.0040,0.0019,0.0250,0.0144,0.0071,0.0000,0.0101,0.0167,0.0285,0.0344,0.0091,0.0044,0.0116,0.0005
137,0.0178,0.0041,0.0099,0.0000,0.0209,0.0013,0.0046,0.0001,0.0000,0.0112,0.0035,0.0133,0.0010,0.0045,0.0272,0.0041,0.0019,0.0250,0.0143,0.0072,0.0000,0.0101,0.0167,0.0284,0.0344,0.0091,0.0045,0.0116,0.0005
138,0.0177,0.0041,0.0099,0.0000,0.0210,0.0013,0.0046,0.0001,0.0000,0.0113,0.0036,0.0135,0.0010,0.0045,0.0272,0.0042,0.0019,0.0250,0.0143,0.0072,0.0000,0.0101,0.0167,0.0284,0.0343,0.0091,0.0045,0.0116,0.0005
139,0.0177,0.0041,0.0100,0.0000,0.0210,0.0014,0.0047,0.0001,0.0000,0.0113,0.0037,0.0137,0.0010,0.0045,0.0272,0.0043,0.0019,0.0250,0.0142,0.0072,0.0000,0.0101,0.0167,0.0284,0.0343,0.0091,0.0046,0.0115,0.0006
140,0.0177,0.0041,0.0100,0.0000,0.0210,0.0014,0.0047,0.0001,0.0000,0.0113,0.0037,0.0139,0.0010,0.0045,0.0272,0.0044,0.0019,0.0250,0.0142,0.0072,0.0000,0.0101,0.0167,0.0284,0.0342,0.0091,0.0047,0.0115,0.0006
141,0.0177,0.0041,0.0100,0.0000,0.0210,0.0014,0.0047,0.0001,0.0000,0.0114,0.0038,0.0142,0.0010,0.0045,0.0272,0.0044,0.0019,0.0250,0.0141,0.0072,0.0000,0.0101,0.0167,0.0284,0.0342,0.0091,0.0047,0.0115,0.0006
142,0.0176,0.0041,0.0100,0.0000,0.0211,0.0014,0.0048,0.0002,0.0000,0.0114,0.0038,0.0144,0.0010,0.0045,0.0272,0.0045,0.0019,0.0250,0.0141,0.0072,0.0000,0.0101,0.0167,0.0284,0.0342,0.0091,0.0048,0.0115,0.0006
143,0.0176,0.0041,0.0101,0.0000,0.0211,0.0014,0.0048,0.0002,0.0000,0.0115,0.0039,0.0146,0.0010,0.0045,0.0272,0.0046,0.0019,0.0250,0.0140,0.0072,0.0000,0.0101,0.0167,0.0284,0.0341,0.0091,0.0049,0.0115,0.0006
144,0.0176,0.0041,0.0101,0.0000,0.0211,0.0014,0.0049,0.0002,0.0000,0.0115,0.0040,0.0148,0.0010,0.0045,0.0272,0.0047,0.0020,0.0250,0.0140,0.0072,0.0000,0.0101,0.0167,0.0284,0.0341,0.0091,0.0050,0.0115,0.0007
145,0.0175,0.0041,0.0101,0.0000,0.0211,0.0014,0.0049,0.0002,0.0000,0.0115,0.0040,0.0150,0.0010,0.0045,0.0272,0.0048,0.0020,0.0250,0.0139,0.0072,0.0000,0.0101,0.0167,0.0283,0.0341,0.0091,0.0050,0.0115,0.0007
146,0.0175,0.0041,0.0101,0.0000,0.0212,0.0014,0.0050,0.0002,0.0000,0.0116,0.0041,0.0152,0.0010,0.0045,0.0272,0.0049,0.0020,0.0250,0.0139,0.0073,0.0000,0.0101,0.0167,0.0283,0.0340,0.0091,0.0051,0.0115,0.0007
147,0.0175,0.0040,0.0102,0.0000,0.0212,0.0015,0.0050,0.0002,0.0000,0.0116,0.0042,0.0154,0.0010,0.0045,0.0272,0.0050,0.0020,0.0250,0.0138,0.0073,0.0000,0.0101,0.0167,0.0283,0.0340,0.0091,0.0052,0.0115,0.0007
148,0.0174,0.0040,0.0102,0.0000,0.0212,0.0015,0.0050,0.0002,0.0000,0.0116,0.0042,0.0156,0.0010,0.0045,0.0272,0.0051,0.0020,0.0250,0.0138,0.0073,0.0000,0.0101,0.0167,0.0283,0.0340,0.0091,0.0053,0.0115,0.0007
149,0.0174,0.0040,0.0102,0.0000,0.0212,0.0015,0.0051,0.0002,0.0000,0.0117,0.0043,0.0158,0.0010,0.0045,0.0272,0.0052,0.0020,0.0250,0.0137,0.0073,0.0000,0.0101,0.0167,0.0283,0.0339,0.0092,0.0053,0.0115,0.0008
150,0.0174,0.0040,0.0102,0.0000,0.0213,0.0015,0.0051,0.0002,0.0000,0.0117,0.0044,0.0160,0.0010,0.0045,0.0272,0.0053,0.0020,0.0250,0.0137,0.0073,0.0000,0.0101,0.0167,0.0283,0.0339,0.0092,0.0054,0.0115,0.0008
151,0.0173,0.0040,0.0103,0.0000,0.0213,0.0015,0.0052,0.0002,0.0000,0.0117,0.0044,0.0162,0.0010,0.0046,0.0271,0.0054,0.0020,0.0250,0.0136,0.0073,0.0000,0.0101,0.0167,0.0283,0.0339,0.0092,0.0055,0.0115,0.0008
152,0.0173,0.0040,0.0103,0.0000,0.0213,0.0015,0.0052,0.0002,0.0000,0.0118,0.0045,0.0164,0.0010,0.0046,0.0271,0.0055,0.0021,0.0250,0.0136,0.0073,0.0000,0.0101,0.0167,0.0283,0.0339,0.0092,0.0056,0.0115,0.0008
153,0.0173,0.0040,0.0103,0.0000,0.0213,0.0015,0.0053,0.0002,0.0000,0.0118,0.0046,0.0166,0.0010,0.0046,0.0271,0.0056,0.0021,0.0250,0.0135,0.0073,0.0000,0.0101,0.0167,0.0283,0.0338,0.0092,0.0056,0.0115,0.0009
154,0.0172,0.0040,0.0103,0.0000,0.0213,0.0015,0.0053,0.0002,0.0000,0.0118,0.0047,0.0168,0.0011,0.0046,0.0271,0.0058,0.0021,0.0250,0.0135,0.0074,0.0000,0.0101,0.0167,0.0282,0.0338,0.0092,0.0057,0.0115,0.0009
155,0.0172,0.0040,0.0104,0.0000,0.0214,0.0016,0.0054,0.0002,0.0000,0.0119,0.0047,0.0170,0.0011,0.0046,0.0271,0.0059,0.0021,0.0250,0.0134,0.0074,0.0000,0.0101,0.0166,0.0282,0.0338,0.0092,0.0058,0.0115,0.0009
156,0.0172,0.0040,0.0104,0.0000,0.0214,0.0016,0.0054,0.0002,0.0000,0.0119,0.0048,0.0172,0.0011,0.0046,0.0271,0.0060,0.0021,0.0250,0.0134,0.0074,0.0000,0.0101,0.0166,0.0282,0.0338,0.0092,0.0059,0.0115,0.0009
157,0.0171,0.0040,0.0104,0.0000,0.0214,0.0016,0.0054,0.0002,0.0000,0.0119,0.0049,0.0174,0.0011,0.0046,0.0271,0.0061,0.0021,0.0250,0.0133,0.0074,0.0000,0.0101,0.0166,0.0282,0.0337,0.0092,0.0059,0.0115,0.0010
158,0.0171,0.0039,0.0104,0.0000,0.0214,0.0016,0.0055,0.0002,0.0000,0.0120,0.0050,0.0176,0.0011,0.0046,0.0271,0.0062,0.0021,0.0250,0.0133,0.0074,0.0000,0.0101,0.0166,0.0282,0.0337,0.0092,0.0060,0.0115,0.0010
159,0.0171,0.0039,0.0105,0.0000,0.0214,0.0016,0.0055,0.0002,0.0000,0.0120,0.0050,0.0178,0.0011,0.0046,0.0271,0.0063,0.0021,0.0250,0.0132,0.0074,0.0000,0.0101,0.0166,0.0282,0.0337,0.0092,0.0061,0.0115,0.0010
160,0.0170,0.0039,0.0105,0.0000,0.0214,0.0016,0.0056,0.0002,0.0000,0.0121,0.0051,0.0180,0.0011,0.0046,0.0270,0.0064,0.0022,0.0250,0.0132,0.0074,0.0000,0.0101,0.0166,0.0282,0.0337,0.0092,0.0062,0.0115,0.0010
161,0.0170,0.0039,0.0105,0.0000,0.0215,0.0016,0.0056,0.0002,0.0000,0.0121,0.0052,0.0181,0.0011,0.0046,0.0270,0.0066,0.0022,0.0250,0.0131,0.0074,0.0000,0.0101,0.0166,0.0282,0.0337,0.0092,0.0063,0.0115,0.0011
162,0.0170,0.0039,0.0105,0.0000,0.0215,0.0017,0.0057,0.0002,0.0000,0.0121,0.0053,0.0183,0.0011,0.0046,0.0270,0.0067,0.0022,0.0250,0.0131,0.0075,0.0000,0.0101,0.0166,0.0282,0.0336,0.0092,0.0063,0.0115,0.0011
163,0.0169,0.0039,0.0106,0.0000,0.0215,0.0017,0.0057,0.0002,0.0000,0.0122,0.0054,0.0185,0.0011,0.0046,0.0270,0.0068,0.0022,0.0250,0.0130,0.0075,0.0000,0.0101,0.0166,0.0282,0.0336,0.0092,0.0064,0.0115,0.0011
164,0.0169,0.0039,0.0106,0.0000,0.0215,0.0017,0.0058,0.0002,0.0000,0.0122,0.0055,0.0187,0.0011,0.0046,0.0270,0.0069,0.0022,0.0250,0.0129,0.0075,0.0000,0.0101,0.0166,0.0282,0.0336,0.0092,0.0065,0.0115,0.0012
165,0.0169,0.0039,0.0106,0.0000,0.0215,0.0017,0.0058,0.0002,0.0000,0.0122,0.0055,0.0188,0.0011,0.0046,0.0270,0.0071,0.0022,0.0250,0.0129,0.0075,0.0000,0.0101,0.0166,0.0282,0.0336,0.0092,0.0066,0.0115,0.0012
166,0.0168,0.0039,0.0106,0.0000,0.0215,0.0017,0.0059,0.0002,0.0000,0.0123,0.0056,0.0190,0.0011,0.0046,0.0270,0.0072,0.0022,0.0250,0.0128,0.0075,0.0000,0.0101,0.0166,0.0281,0.0336,0.0092,0.0066,0.0115,0.0012
167,0.0168,0.0039,0.0107,0.0000,0.0215,0.0017,0.0059,0.0002,0.0000,0.0123,0.0057,0.0192,0.0011,0.0046,0.0269,0.0073,0.0022,0.0250,0.0128,0.0075,0.0000,0.0101,0.0166,0.0281,0.0336,0.0093,0.0067,0.0115,0.0013
168,0.0168,0.0039,0.0107,0.0000,0.0216,0.0017,0.0060,0.0002,0.0000,0.0123,0.0058,0.0193,0.0011,0.0046,0.0269,0.0075,0.0022,0.0250,0.0127,0.0075,0.0000,0.0101,0.0166,0.0281,0.0335,0.0093,0.0068,0.0115,0.0013
169,0.0167,0.0039,0.0107,0.0000,0.0216,0.0017,0.0060,0.0002,0.0000,0.0124,0.0059,0.0195,0.0011,0.0046,0.0269,0.0076,0.0023,0.0250,0.0127,0.0075,0.0000,0.0101,0.0166,0.0281,0.0335,0.0093,0.0069,0.0115,0.0013
170,0.0167,0.0038,0.0107,0.0000,0.0216,0.0018,0.0061,0.0003,0.0000,0.0124,0.0060,0.0196,0.0011,0.0046,0.0269,0.0077,0.0023,0.0250,0.0126,0.0076,0.0000,0.0101,0.0166,0.0281,0.0335,0.0093,0.0070,0.0115,0.0014
171,0.0167,0.0038,0.0108,0.0000,0.0216,0.0018,0.0061,0.0003,0.0000,0.0124,0.0061,0.0198,0.0011,0.0046,0.0269,0.0079,0.0023,0.0250,0.0126,0.0076,0.0000,0.0101,0.0166,0.0281,0.0335,0.0093,0.0070,0.0115,0.0014
172,0.0166,0.0038,0.0108,0.0000,0.0216,0.0018,0.0062,0.0003,0.0000,0.0125,0.0062,0.0199,0.0011,0.0046,0.0269,0.0080,0.0023,0.0250,0.0125,0.0076,0.0000,0.0101,0.0166,0.0281,0.0335,0.0093,0.0071,0.0115,0.0014
173,0.0166,0.0038,0.0108,0.0000,0.0216,0.0018,0.0062,0.0003,0.0000,0.0125,0.0063,0.0201,0.0011,0.0046,0.0269,0.0081,0.0023,0.0250,0.0124,0.0076,0.0000,0.0101,0.0166,0.0281,0.0335,0.0093,0.0072,0.0115,0.0015
174,0.0166,0.0038,0.0108,0.0000,0.0216,0.0018,0.0063,0.0003,0.0000,0.0125,0.0064,0.0202,0.0011,0.0046,0.0268,0.0083,0.0023,0.0250,0.0124,0.0076,0.0000,0.0101,0.0166,0.0281,0.0335,0.0093,0.0073,0.0115,0.0015
175,0.0165,0.0038,0.0109,0.0000,0.0217,0.0018,0.0063,0.0003,0.0000,0.0126,0.0064,0.0204,0.0011,0.0046,0.0268,0.0084,0.0023,0.0250,0.0123,0.0076,0.0000,0.0101,0.0166,0.0281,0.0335,0.0093,0.0074,0.0115,0.0015
176,0.0165,0.0038,0.0109,0.0000,0.0217,0.0018,0.0064,0.0003,0.0000,0.0126,0.0065,0.0205,0.0011,0.0046,0.0268,0.0085,0.0023,0.0250,0.0123,0.0076,0.0000,0.0101,0.0166,0.0281,0.0335,0.0093,0.0074,0.0115,0.0016
177,0.0165,0.0038,0.0109,0.0000,0.0217,0.0018,0.0064,0.0003,0.0000,0.0126,0.0066,0.0207,0.0011,0.0046,0.0268,0.0087,0.0024,0.0250,0.0122,0.0077,0.0000,0.0101,0.0166,0.0281,0.0334,0.0093,0.0075,0.0115,0.0016
178,0.0164,0.0038,0.0109,0.0000,0.0217,0.0019,0.0064,0.0003,0.0000,0.0127,0.0067,0.0208,0.0011,0.0046,0.0268,0.0088,0.0024,0.0250,0.0122,0.0077,0.0000,0.0101,0.0166,0.0281,0.0334,0.0093,0.0076,0.0115,0.0017
179,0.0164,0.0038,0.0110,0.0000,0.0217,0.0019,0.0065,0.0003,0.0000,0.0127,0.0068,0.0209,0.0011,0.0046,0.0268,0.0090,0.0024,0.0250,0.0121,0.0077,0.0000,0.0101,0.0166,0.0281,0.0334,0.0093,0.0077,0.0115,0.0017
180,0.0164,0.0038,0.0110,0.0000,0.0217,0.0019,0.0065,0.0003,0.0000,0.0127,0.0069,0.0211,0.0011,0.0046,0.0267,0.0091,0.0024,0.0250,0.0121,0.0077,0.0000,0.0101,0.0166,0.0281,0.0334,0.0093,0.0078,0.0115,0.0017
181,0.0163,0.0038,0.0110,0.0000,0.0217,0.0019,0.0066,0.0003,0.0000,0.0128,0.0070,0.0212,0.0011,0.0046,0.0267,0.0093,0.0024,0.0250,0.0120,0.0077,0.0000,0.0101,0.0166,0.0281,0.0334,0.0093,0.0079,0.0115,0.0018
182,0.0163,0.0038,0.0110,0.0000,0.0217,0.0019,0.0066,0.0003,0.0000,0.0128,0.0071,0.0213,0.0011,0.0046,0.0267,0.0094,0.0024,0.0250,0.0120,0.0077,0.0000,0.0101,0.0166,0.0281,0.0334,0.0093,0.0079,0.0115,0.0018
183,0.0163,0.0038,0.0110,0.0000,0.0217,0.0019,0.0067,0.0003,0.0000,0.0128,0.0072,0.0214,0.0011,0.0046,0.0267,0.0096,0.0024,0.0250,0.0119,0.0078,0.0000,0.0101,0.0166,0.0281,0.0334,0.0093,0.0080,0.0115,0.0019
184,0.0162,0.0038,0.0111,0.0000,0.0218,0.0019,0.0067,0.0003,0.0000,0.0129,0.0073,0.0216,0.0011,0.0046,0.0267,0.0097,0.0024,0.0250,0.0119,0.0078,0.0000,0.0101,0.0166,0.0281,0.0334,0.0093,0.0081,0.0115,0.0019
185,0.0162,0.0038,0.0111,0.0000,0.0218,0.0020,0.0068,0.0003,0.0000,0.0129,0.0075,0.0217,0.0011,0.0046,0.0267,0.0098,0.0025,0.0250,0.0118,0.0078,0.0000,0.0101,0.0166,0.0281,0.0334,0.0093,0.0082,0.0115,0.0020
186,0.0162,0.0037,0.0111,0.0000,0.0218,0.0020,0.0068,0.0003,0.0000,0.0129,0.0076,0.0218,0.0011,0.0046,0.0266,0.0100,0.0025,0.0250,0.0117,0.0078,0.0000,0.0101,0.0166,0.0281,0.0334,0.0093,0.0083,0.0115,0.0020
187,0.0161,0.0037,0.0111,0.0000,0.0218,0.0020,0.0069,0.0003,0.0000,0.0130,0.0077,0.0219,0.0011,0.0046,0.0266,0.0101,0.0025,0.0250,0.0117,0.0078,0.0000,0.0101,0.0166,0.0281,0.0334,0.0093,0.0083,0.0115,0.0020
188,0.0161,0.0037,0.0112,0.0000,0.0218,0.0020,0.0069,0.0003,0.0000,0.0130,0.0078,0.0220,0.0011,0.0046,0.0266,0.0103,0.0025,0.0250,0.0116,0.0078,0.0000,0.0101,0.0166,0.0281,0.0334,0.0093,0.0084,0.0115,0.0021
189,0.0161,0.0037,0.0112,0.0000,0.0218,0.0020,0.0070,0.0003,0.0000,0.0130,0.0079,0.0221,0.0011,0.0046,0.0266,0.0104,0.0025,0.0250,0.0116,0.0079,0.0000,0.0101,0.0166,0.0281,0.0334,0.0093,0.0085,0.0115,0.0021
190,0.0160,0.0037,0.0112,0.0000,0.0218,0.0020,0.0070,0.0003,0.0000,0.0131,0.0080,0.0222,0.0011,0.0046,0.0266,0.0106,0.0025,0.0250,0.0115,0.0079,0.0000,0.0101,0.0166,0.0281,0.0334,0.0093,0.0086,0.0115,0.0022
191,0.0160,0.0037,0.0112,0.0000,0.0218,0.0020,0.0071,0.0004,0.0000,0.0131,0.0081,0.0223,0.0011,0.0046,0.0266,0.0107,0.0025,0.0250,0.0115,0.0079,0.0000,0.0101,0.0166,0.0281,0.0334,0.0093,0.0087,0.0115,0.0022
192,0.0160,0.0037,0.0112,0.0000,0.0218,0.0020,0.0071,0.0004,0.0000,0.0131,0.0082,0.0224,0.0011,0.0046,0.0265,0.0109,0.0025,0.0250,0.0114,0.0079,0.0000,0.0101,0.0166,0.0281,0.0334,0.0093,0.0087,0.0115,0.0023
193,0.0159,0.0037,0.0113,0.0000,0.0218,0.0021,0.0072,0.0004,0.0000,0.0132,0.0083,0.0225,0.0011,0.0046,0.0265,0.0110,0.0026,0.0250,0.0114,0.0079,0.0000,0.0101,0.0166,0.0281,0.0333,0.0093,0.0088,0.0115,0.0023
194,0.0159,0.0037,0.0113,0.0000,0.0219,0.0021,0.0072,0.0004,0.0000,0.0132,0.0084,0.0226,0.0011,0.0046,0.0265,0.0112,0.0026,0.0250,0.0113,0.0079,0.0000,0.0101,0.0166,0.0281,0.0333,0.0094,0.0089,0.0115,0.0024
195,0.0159,0.0037,0.0113,0.0000,0.0219,0.0021,0.0073,0.0004,0.0000,0.0132,0.0085,0.0227,0.0011,0.0046,0.0265,0.0113,0.0026,0.0250,0.0113,0.0080,0.0000,0.0101,0.0166,0.0281,0.0333,0.0094,0.0090,0.0115,0.0024
196,0.0158,0.0037,0.0113,0.0000,0.0219,0.0021,0.0073,0.0004,0.0000,0.0132,0.0086,0.0228,0.0012,0.0046,0.0265,0.0115,0.0026,0.0250,0.0112,0.0080,0.0000,0.0101,0.0166,0.0281,0.0333,0.0094,0.0091,0.0115,0.0025
197,0.0158,0.0037,0.0113,0.0000,0.0219,0.0021,0.0074,0.0004,0.0000,0.0133,0.0087,0.0229,0.0012,0.0046,0.0265,0.0116,0.0026,0.0250,0.0112,0.0080,0.0000,0.0101,0.0166,0.0281,0.0333,0.0094,0.0091,0.0115,0.0025
198,0.0158,0.0037,0.0114,0.0000,0.0219,0.0021,0.0074,0.0004,0.0000,0.0133,0.0089,0.0230,0.0012,0.0046,0.0264,0.0118,0.0026,0.0250,0.0112,0.0080,0.0000,0.0101,0.0166,0.0281,0.0333,0.0094,0.0092,0.0116,0.0025
199,0.0158,0.0037,0.0114,0.0000,0.0219,0.0021,0.0075,0.0004,0.0000,0.0133,0.0090,0.0231,0.0012,0.0046,0.0264,0.0119,0.0026,0.0250,0.0111,0.0080,0.0000,0.0101,0.0166,0.0281,0.0333,0.0094,0.0093,0.0116,0.0026
200,0.0157,0.0037,0.0114,0.0000,0.0219,0.0022,0.0075,0.0004,0.0000,0.0134,0.0091,0.0232,0.0012,0.0046,0.0264,0.0121,0.0026,0.0250,0.0111,0.0081,0.0000,0.0101,0.0166,0.0281,0.0333,0.0094,0.0094,0.0116,0.0026
201,0.0157,0.0037,0.0114,0.0000,0.0219,0.0022,0.0076,0.0004,0.0001,0.0134,0.0092,0.0233,0.0012,0.0046,0.0264,0.0122,0.0027,0.0250,0.0110,0.0081,0.0000,0.0101,0.0166,0.0281,0.0333,0.0094,0.0095,0.0116,0.0027
202,0.0157,0.0037,0.0114,0.0000,0.0219,0.0022,0.0076,0.0004,0.0001,0.0134,0.0093,0.0233,0.0012,0.0046,0.0264,0.0124,0.0027,0.0250,0.0110,0.0081,0.0000,0.0101,0.0166,0.0281,0.0333,0.0094,0.0095,0.0116,0.0027
203,0.0156,0.0037,0.0115,0.0000,0.0219,0.0022,0.0076,0.0004,0.0001,0.0135,0.0094,0.0234,0.0012,0.0046,0.0264,0.0125,0.0027,0.0250,0.0109,0.0081,0.0000,0.0101,0.0166,0.0281,0.0333,0.0094,0.0096,0.0116,0.0028
204,0.0156,0.0037,0.0115,0.0000,0.0219,0.0022,0.0077,0.0004,0.0001,0.0135,0.0095,0.0235,0.0012,0.0046,0.0263,0.0127,0.0027,0.0250,0.0109,0.0081,0.0000,0.0101,0.0166,0.0281,0.0333,0.0094,0.0097,0.0116,0.0028
205,0.0156,0.0037,0.0115,0.0000,0.0220,0.0022,0.0077,0.0004,0.0001,0.0135,0.0096,0.0236,0.0012,0.0046,0.0263,0.0128,0.0027,0.0251,0.0108,0.0081,0.0000,0.0101,0.0166,0.0281,0.0333,0.0094,0.0098,0.0116,0.0029
206,0.0155,0.0037,0.0115,0.0000,0.0220,0.0022,0.0078,0.0004,0.0001,0.0135,0.0098,0.0236,0.0012,0.0046,0.0263,0.0130,0.0027,0.0251,0.0108,0.0082,0.0000,0.0101,0.0166,0.0281,0.0333,0.0094,0.0099,0.0116,0.0029
207,0.0155,0.0037,0.0115,0.0000,0.0220,0.0022,0.0078,0.0004,0.0001,0.0136,0.0099,0.0237,0.0012,0.0046,0.0263,0.0131,0.0027,0.0251,0.0108,0.0082,0.0000,0.0101,0.0166,0.0281,0.0333,0.0094,0.0099,0.0116,0.0030
208,0.0155,0.0037,0.0116,0.0000,0.0220,0.0023,0.0079,0.0005,0.0001,0.0136,0.0100,0.0238,0.0012,0.0046,0.0263,0.0133,0.0027,0.0251,0.0107,0.0082,0.0001,0.0101,0.0166,0.0281,0.0333,0.0094,0.0100,0.0116,0.0030
209,0.0155,0.0037,0.0116,0.0000,0.0220,0.0023,0.0079,0.0005,0.0001,0.0136,0.0101,0.0239,0.0012,0.0046,0.0262,0.0134,0.0028,0.0251,0.0107,0.0082,0.0001,0.0101,0.0166,0.0281,0.0333,0.0094,0.0101,0.0116,0.0031
210,0.0154,0.0037,0.0116,0.0000,0.0220,0.0023,0.0080,0.0005,0.0001,0.0137,0.0102,0.0239,0.0012,0.0046,0.0262,0.0136,0.0028,0.0251,0.0106,0.0082,0.0001,0.0101,0.0166,0.0281,0.0333,0.0094,0.0102,0.0116,0.0031
211,0.0154,0.0037,0.0116,0.0000,0.0220,0.0023,0.0080,0.0005,0.0001,0.0137,0.0103,0.0240,0.0012,0.0046,0.0262,0.0137,0.0028,0.0251,0.0106,0.0083,0.0001,0.0101,0.0166,0.0281,0.0333,0.0094,0.0102,0.0116,0.0032
212,0.0154,0.0037,0.0116,0.0000,0.0220,0.0023,0.0081,0.0005,0.0001,0.0137,0.0104,0.0240,0.0012,0.0046,0.0262,0.0139,0.0028,0.0251,0.0106,0.0083,0.0001,0.0101,0.0166,0.0281,0.0333,0.0094,0.0103,0.0116,0.0032
213,0.0153,0.0037,0.0117,0.0000,0.0220,0.0023,0.0081,0.0005,0.0001,0.0137,0.0105,0.0241,0.0012,0.0046,0.0262,0.0140,0.0028,0.0251,0.0105,0.0083,0.0001,0.0101,0.0166,0.0281,0.0333,0.0094,0.0104,0.0116,0.0033
214,0.0153,0.0037,0.0117,0.0000,0.0220,0.0023,0.0081,0.0005,0.0001,0.0138,0.0106,0.0242,0.0012,0.0046,0.0262,0.0141,0.0028,0.0251,0.0105,0.0083,0.0001,0.0101,0.0166,0.0281,0.0333,0.0094,0.0105,0.0116,0.0033
215,0.0153,0.0037,0.0117,0.0000,0.0220,0.0023,0.0082,0.0005,0.0001,0.0138,0.0108,0.0242,0.0012,0.0046,0.0261,0.0143,0.0028,0.0251,0.0105,0.0083,0.0001,0.0101,0.0166,0.0281,0.0333,0.0094,0.0105,0.0116,0.0034
216,0.0153,0.0037,0.0117,0.0000,0.0221,0.0024,0.0082,0.0005,0.0001,0.0138,0.0109,0.0243,0.0012,0.0046,0.0261,0.0144,0.0029,0.0251,0.0104,0.0084,0.0001,0.0101,0.0166,0.0281,0.0333,0.0094,0.0106,0.0116,0.0035
217,0.0152,0.0037,0.0117,0.0000,0.0221,0.0024,0.0083,0.0005,0.0001,0.0138,0.0110,0.0243,0.0012,0.0046,0.0261,0.0146,0.0029,0.0251,0.0104,0.0084,0.0001,0.0101,0.0166,0.0281,0.0333,0.0094,0.0107,0.0116,0.0035
218,0.0152,0.0037,0.0117,0.0000,0.0221,0.0024,0.0083,0.0005,0.0001,0.0139,0.0111,0.0244,0.0012,0.0046,0.0261,0.0147,0.0029,0.0251,0.0104,0.0084,0.0001,0.0101,0.0166,0.0281,0.0333,0.0094,0.0108,0.0116,0.0036
219,0.0152,0.0037,0.0118,0.0000,0.0221,0.0024,0.0084,0.0005,0.0001,0.0139,0.0112,0.0244,0.0012,0.0046,0.0261,0.0148,0.0029,0.0251,0.0103,0.0084,0.0001,0.0101,0.0166,0.0281,0.0333,0.0094,0.0108,0.0116,0.0036
220,0.0151,0.0037,0.0118,0.0000,0.0221,0.0024,0.0084,0.0005,0.0001,0.0139,0.0113,0.0245,0.0012,0.0046,0.0261,0.0150,0.0029,0.0251,0.0103,0.0084,0.0001,0.0101,0.0166,0.0281,0.0333,0.0094,0.0109,0.0116,0.0037
221,0.0151,0.0037,0.0118,0.0000,0.0221,0.0024,0.0084,0.0005,0.0001,0.0139,0.0114,0.0246,0.0012,0.0046,0.0260,0.0151,0.0029,0.0251,0.0103,0.0085,0.0001,0.0101,0.0166,0.0281,0.0333,0.0094,0.0110,0.0116,0.0037
222,0.0151,0.0037,0.0118,0.0000,0.0221,0.0024,0.0085,0.0005,0.0001,0.0140,0.0115,0.0246,0.0012,0.0046,0.0260,0.0152,0.0029,0.0251,0.0102,0.0085,0.0001,0.0101,0.0166,0.0281,0.0333,0.0094,0.0111,0.0116,0.0038
223,0.0151,0.0037,0.0118,0.0000,0.0221,0.0024,0.0085,0.0006,0.0001,0.0140,0.0116,0.0246,0.0012,0.0046,0.0260,0.0154,0.0029,0.0251,0.0102,0.0085,0.0001,0.0101,0.0166,0.0281,0.0333,0.0094,0.0111,0.0116,0.0038
224,0.0150,0.0037,0.0118,0.0000,0.0221,0.0025,0.0086,0.0006,0.0001,0.0140,0.0117,0.0247,0.0012,0.0046,0.0260,0.0155,0.0030,0.0251,0.0102,0.0085,0.0001,0.0101,0.0166,0.0281,0.0333,0.0094,0.0112,0.0116,0.0039
225,0.0150,0.0037,0.0119,0.0000,0.0221,0.0025,0.0086,0.0006,0.0001,0.0140,0.0118,0.0247,0.0012,0.0046,0.0260,0.0156,0.0030,0.0251,0.0102,0.0085,0.0001,0.0101,0.0166,0.0281,0.0333,0.0094,0.0113,0.0116,0.0039
226,0.0150,0.0037,0.0119,0.0000,0.0221,0.0025,0.0087,0.0006,0.0001,0.0141,0.0119,0.0248,0.0012,0.0046,0.0260,0.0158,0.0030,0.0251,0.0102,0.0086,0.0001,0.0101,0.0166,0.0281,0.0333,0.0094,0.0113,0.0116,0.0040
227,0.0150,0.0037,0.0119,0.0000,0.0221,0.0025,0.0087,0.0006,0.0001,0.0141,0.0120,0.0248,0.0012,0.0046,0.0260,0.0159,0.0030,0.0251,0.0101,0.0086,0.0001,0.0101,0.0166,0.0281,0.0333,0.0094,0.0114,0.0116,0.0040
228,0.0149,0.0037,0.0119,0.0000,0.0222,0.0025,0.0087,0.0006,0.0001,0.0141,0.0121,0.0249,0.0012,0.0046,0.0259,0.0160,0.0030,0.0251,0.0101,0.0086,0.0001,0.0101,0.0166,0.0281,0.0333,0.0094,0.0115,0.0116,0.0041
229,0.0149,0.0037,0.0119,0.0000,0.0222,0.0025,0.0088,0.0006,0.0001,0.0141,0.0122,0.0249,0.0012,0.0046,0.0259,0.0161,0.0030,0.0251,0.0101,0.0086,0.0001,0.0101,0.0166,0.0281,0.0333,0.0094,0.0115,0.0116,0.0041
230,0.0149,0.0037,0.0119,0.0000,0.0222,0.0025,0.0088,0.0006,0.0001,0.0142,0.0123,0.0250,0.0012,0.0047,0.0259,0.0163,0.0030,0.0251,0.0101,0.0087,0.0001,0.0101,0.0166,0.0281,0.0333,0.0094,0.0116,0.0116,0.0042
231,0.0149,0.0037,0.0119,0.0000,0.0222,0.0025,0.0089,0.0006,0.0001,0.0142,0.0124,0.0250,0.0012,0.0047,0.0259,0.0164,0.0031,0.0251,0.0101,0.0087,0.0001,0.0101,0.0166,0.0281,0.0333,0.0094,0.0117,0.0116,0.0042
232,0.0148,0.0037,0.0120,0.0000,0.0222,0.0026,0.0089,0.0006,0.0001,0.0142,0.0125,0.0250,0.0012,0.0047,0.0259,0.0165,0.0031,0.0251,0.0100,0.0087,0.0001,0.0101,0.0166,0.0281,0.0333,0.0094,0.0118,0.0116,0.0043
233,0.0148,0.0037,0.0120,0.0000,0.0222,0.0026,0.0089,0.0006,0.0001,0.0142,0.0126,0.0251,0.0012,0.0047,0.0259,0.0166,0.0031,0.0251,0.0100,0.0087,0.0001,0.0101,0.0166,0.0281,0.0333,0.0094,0.0118,0.0116,0.0043
234,0.0148,0.0037,0.0120,0.0000,0.0222,0.0026,0.0090,0.0006,0.0001,0.0143,0.0127,0.0251,0.0012,0.0047,0.0258,0.0168,0.0031,0.0251,0.0100,0.0087,0.0001,0.0101,0.0166,0.0281,0.0333,0.0094,0.0119,0.0116,0.0044
235,0.0148,0.0037,0.0120,0.0000,0.0222,0.0026,0.0090,0.0006,0.0001,0.0143,0.0128,0.0251,0.0012,0.0047,0.0258,0.0169,0.0031,0.0251,0.0100,0.0088,0.0001,0.0101,0.0166,0.0281,0.0333,0.0094,0.0120,0.0116,0.0044
236,0.0147,0.0037,0.0120,0.0000,0.0222,0.0026,0.0090,0.0006,0.0001,0.0143,0.0129,0.0252,0.0012,0.0047,0.0258,0.0170,0.0031,0.0251,0.0100,0.0088,0.0001,0.0101,0.0166,0.0281,0.0333,0.0094,0.0120,0.0116,0.0045
237,0.0147,0.0037,0.0120,0.0000,0.0222,0.0026,0.0091,0.0007,0.0001,0.0143,0.0130,0.0252,0.0012,0.0047,0.0258,0.0171,0.0031,0.0251,0.0100,0.0088,0.0001,0.0101,0.0166,0.0281,0.0333,0.0094,0.0121,0.0116,0.0045
238,0.0147,0.0037,0.0120,0.0000,0.0222,0.0026,0.0091,0.0007,0.0001,0.0144,0.0131,0.0252,0.0012,0.0047,0.0258,0.0172,0.0031,0.0251,0.0100,0.0088,0.0001,0.0101,0.0166,0.0281,0.0333,0.0094,0.0121,0.0116,0.0046
239,0.0147,0.0037,0.0121,0.0000,0.0222,0.0026,0.0092,0.0007,0.0001,0.0144,0.0132,0.0253,0.0012,0.0047,0.0258,0.0173,0.0032,0.0251,0.0099,0.0088,0.0001,0.0101,0.0166,0.0281,0.0333,0.0094,0.0122,0.0116,0.0046
240,0.0146,0.0037,0.0121,0.0000,0.0223,0.0027,0.0092,0.0007,0.0001,0.0144,0.0133,0.0253,0.0012,0.0047,0.0258,0.0174,0.0032,0.0251,0.0099,0.0089,0.0001,0.0101,0.0166,0.0281,0.0333,0.0094,0.0123,0.0116,0.0047
241,0.0146,0.0037,0.0121,0.0000,0.0223,0.0027,0.0092,0.0007,0.0001,0.0144,0.0134,0.0253,0.0012,0.0047,0.0257,0.0175,0.0032,0.0251,0.0099,0.0089,0.0001,0.0101,0.0166,0.0281,0.0333,0.0094,0.0123,0.0116,0.0047
242,0.0146,0.0037,0.0121,0.0000,0.0223,0.0027,0.0093,0.0007,0.0001,0.0144,0.0135,0.0254,0.0012,0.0047,0.0257,0.0176,0.0032,0.0251,0.0099,0.0089,0.0001,0.0101,0.0166,0.0281,0.0333,0.0094,0.0124,0.0116,0.0048
243,0.0146,0.0037,0.0121,0.0000,0.0223,0.0027,0.0093,0.0007,0.0001,0.0145,0.0136,0.0254,0.0012,0.0047,0.0257,0.0177,0.0032,0.0251,0.0099,0.0089,0.0001,0.0101,0.0166,0.0281,0.0333,0.0094,0.0125,0.0116,0.0048
244,0.0146,0.0037,0.0121,0.0000,0.0223,0.0027,0.0093,0.0007,0.0001,0.0145,0.0137,0.0254,0.0012,0.0047,0.0257,0.0179,0.0032,0.0251,0.0099,0.0089,0.0001,0.0101,0.0166,0.0281,0.0333,0.0094,0.0125,0.0116,0.0049
245,0.0145,0.0037,0.0121,0.0000,0.0223,0.0027,0.0094,0.0007,0.0001,0.0145,0.0138,0.0255,0.0012,0.0047,0.0257,0.0180,0.0032,0.0251,0.0099,0.0089,0.0001,0.0101,0.0166,0.0281,0.0333,0.0094,0.0126,0.0116,0.0049
246,0.0145,0.0037,0.0122,0.0000,0.0223,0.0027,0.0094,0.0007,0.0001,0.0145,0.0138,0.0255,0.0012,0.0047,0.0257,0.0181,0.0033,0.0251,0.0099,0.0090,0.0001,0.0101,0.0166,0.0281,0.0333,0.0094,0.0126,0.0116,0.0049
247,0.0145,0.0037,0.0122,0.0000,0.0223,0.0027,0.0094,0.0007,0.0001,0.0145,0.0139,0.0255,0.0012,0.0047,0.0257,0.0182,0.0033,0.0251,0.0099,0.0090,0.0001,0.0101,0.0166,0.0281,0.0333,0.0094,0.0127,0.0116,0.0050
248,0.0145,0.0037,0.0122,0.0000,0.0223,0.0028,0.0095,0.0007,0.0001,0.0146,0.0140,0.0255,0.0012,0.0047,0.0256,0.0183,0.0033,0.0251,0.0099,0.0090,0.0001,0.0101,0.0166,0.0281,0.0333,0.0094,0.0128,0.0116,0.0050
249,0.0144,0.0037,0.0122,0.0000,0.0223,0.0028,0.0095,0.0007,0.0001,0.0146,0.0141,0.0256,0.0012,0.0047,0.0256,0.0183,0.0033,0.0252,0.0099,0.0090,0.0001,0.0101,0.0166,0.0281,0.0333,0.0094,0.0128,0.0116,0.0051
250,0.0144,0.0037,0.0122,0.0000,0.0223,0.0028,0.0095,0.0007,0.0001,0.0146,0.0142,0.0256,0.0012,0.0047,0.0256,0.0184,0.0033,0.0252,0.0099,0.0090,0.0001,0.0101,0.0166,0.0281,0.0333,0.0094,0.0129,0.0116,0.0051
251,0.0144,0.0037,0.0122,0.0000,0.0223,0.0028,0.0096,0.0008,0.0001,0.0146,0.0143,0.0256,0.0012,0.0047,0.0256,0.0185,0.0033,0.0252,0.0099,0.0091,0.0001,0.0101,0.0166,0.0281,0.0333,0.0094,0.0129,0.0116,0.0052
252,0.0144,0.0037,0.0122,0.0000,0.0224,0.0028,0.0096,0.0008,0.0001,0.0146,0.0143,0.0256,0.0012,0.0047,0.0256,0.0186,0.0033,0.0252,0.0099,0.0091,0.0001,0.0101,0.0166,0.0281,0.0333,0.0094,0.0130,0.0116,0.0052
253,0.0144,0.0037,0.0122,0.0000,0.0224,0.0028,0.0096,0.0008,0.0001,0.0147,0.0144,0.0256,0.0012,0.0047,0.0256,0.0187,0.0033,0.0252,0.0099,0.0091,0.0001,0.0101,0.0166,0.0281,0.0333,0.0094,0.0130,0.0116,0.0053
254,0.0143,0.0037,0.0123,0.0000,0.0224,0.0028,0.0097,0.0008,0.0001,0.0147,0.0145,0.0257,0.0012,0.0047,0.0256,0.0188,0.0033,0.0252,0.0100,0.0091,0.0001,0.0101,0.0166,0.0281,0.0333,0.0094,0.0131,0.0116,0.0053
255,0.0143,0.0037,0.0123,0.0000,0.0224,0.0028,0.0097,0.0008,0.0001,0.0147,0.0146,0.0257,0.0012,0.0047,0.0256,0.0189,0.0034,0.0252,0.0100,0.0091,0.0002,0.0101,0.0166,0.0281,0.0333,0.0094,0.0132,0.0116,0.0054
256,0.0143,0.0038,0.0123,0.0000,0.0224,0.0028,0.0097,0.0008,0.0001,0.0147,0.0147,0.0257,0.0012,0.0047,0.0255,0.0190,0.0034,0.0252,0.0100,0.0091,0.0002,0.0101,0.0166,0.0281,0.0333,0.0094,0.0132,0.0116,0.0054
257,0.0143,0.0038,0.0123,0.0000,0.0224,0.0029,0.0098,0.0008,0.0001,0.0147,0.0147,0.0257,0.0012,0.0047,0.0255,0.0191,0.0034,0.0252,0.0100,0.0092,0.0002,0.0101,0.0166,0.0281,0.0333,0.0094,0.0133,0.0116,0.0054
258,0.0143,0.0038,0.0123,0.0000,0.0224,0.0029,0.0098,0.0008,0.0001,0.0148,0.0148,0.0258,0.0012,0.0047,0.0255,0.0191,0.0034,0.0252,0.0100,0.0092,0.0002,0.0101,0.0166,0.0281,0.0333,0.0094,0.0133,0.0116,0.0055
259,0.0142,0.0038,0.0123,0.0000,0.0224,0.0029,0.0098,0.0008,0.0001,0.0148,0.0149,0.0258,0.0012,0.0047,0.0255,0.0192,0.0034,0.0252,0.0100,0.0092,0.0002,0.0101,0.0166,0.0281,0.0333,0.0094,0.0134,0.0116,0.0055
260,0.0142,0.0038,0.0123,0.0000,0.0224,0.0029,0.0098,0.0008,0.0001,0.0148,0.0149,0.0258,0.0012,0.0047,0.0255,0.0193,0.0034,0.0252,0.0100,0.0092,0.0002,0.0101,0.0166,0.0281,0.0333,0.0094,0.0134,0.0116,0.0056
261,0.0142,0.0038,0.0123,0.0000,0.0224,0.0029,0.0099,0.0008,0.0001,0.0148,0.0150,0.0258,0.0012,0.0047,0.0255,0.0194,0.0034,0.0252,0.0100,0.0092,0.0002,0.0101,0.0166,0.0281,0.0333,0.0094,0.0135,0.0116,0.0056
262,0.0142,0.0038,0.0123,0.0000,0.0224,0.0029,0.0099,0.0008,0.0001,0.0148,0.0151,0.0258,0.0012,0.0047,0.0255,0.0195,0.0034,0.0252,0.0100,0.0093,0.0002,0.0101,0.0166,0.0281,0.0333,0.0094,0.0135,0.0116,0.0057
263,0.0142,0.0038,0.0123,0.0000,0.0225,0.0029,0.0099,0.0008,0.0001,0.0148,0.0152,0.0258,0.0012,0.0047,0.0255,0.0195,0.0034,0.0252,0.0101,0.0093,0.0002,0.0101,0.0166,0.0281,0.0333,0.0094,0.0136,0.0116,0.0057
264,0.0141,0.0038,0.0124,0.0000,0.0225,0.0029,0.0100,0.0008,0.0001,0.0149,0.0152,0.0259,0.0012,0.0047,0.0254,0.0196,0.0035,0.0252,0.0101,0.0093,0.0002,0.0101,0.0166,0.0281,0.0333,0.0094,0.0136,0.0116,0.0057
265,0.0141,0.0038,0.0124,0.0000,0.0225,0.0029,0.0100,0.0009,0.0001,0.0149,0.0153,0.0259,0.0012,0.0047,0.0254,0.0197,0.0035,0.0252,0.0101,0.0093,0.0002,0.0101,0.0166,0.0281,0.0333,0.0094,0.0137,0.0116,0.0058
266,0.0141,0.0038,0.0124,0.0000,0.0225,0.0030,0.0100,0.0009,0.0001,0.0149,0.0153,0.0259,0.0012,0.0047,0.0254,0.0198,0.0035,0.0252,0.0101,0.0093,0.0002,0.0101,0.0166,0.0281,0.0333,0.0094,0.0137,0.0116,0.0058
267,0.0141,0.0038,0.0124,0.0000,0.0225,0.0030,0.0100,0.0009,0.0001,0.0149,0.0154,0.0259,0.0012,0.0047,0.0254,0.0198,0.0035,0.0252,0.0101,0.0093,0.0002,0.0101,0.0166,0.0281,0.0333,0.0094,0.0138,0.0116,0.0059
268,0.0141,0.0038,0.0124,0.0000,0.0225,0.0030,0.0101,0.0009,0.0001,0.0149,0.0155,0.0259,0.0012,0.0047,0.0254,0.0199,0.0035,0.0252,0.0102,0.0093,0.0002,0.0101,0.0166,0.0281,0.0333,0.0094,0.0138,0.0116,0.0059
269,0.0140,0.0038,0.0124,0.0000,0.0225,0.0030,0.0101,0.0009,0.0001,0.0149,0.0155,0.0259,0.0012,0.0047,0.0254,0.0200,0.0035,0.0252,0.0102,0.0094,0.0002,0.0101,0.0166,0.0281,0.0333,0.0094,0.0139,0.0116,0.0059
270,0.0140,0.0038,0.0124,0.0000,0.0225,0.0030,0.0101,0.0009,0.0001,0.0150,0.0156,0.0260,0.0012,0.0047,0.0254,0.0200,0.0035,0.0252,0.0102,0.0094,0.0002,0.0101,0.0166,0.0281,0.0333,0.0094,0.0139,0.0116,0.0060
271,0.0140,0.0038,0.0124,0.0000,0.0225,0.0030,0.0102,0.0009,0.0001,0.0150,0.0157,0.0260,0.0012,0.0047,0.0254,0.0201,0.0035,0.0252,0.0102,0.0094,0.0002,0.0101,0.0166,0.0281,0.0333,0.0094,0.0139,0.0116,0.0060
272,0.0140,0.0038,0.0124,0.0000,0.0225,0.0030,0.0102,0.0009,0.0001,0.0150,0.0157,0.0260,0.0012,0.0047,0.0254,0.0202,0.0035,0.0252,0.0102,0.0094,0.0002,0.0101,0.0166,0.0281,0.0333,0.0094,0.0140,0.0116,0.0060
273,0.0140,0.0038,0.0124,0.0000,0.0225,0.0030,0.0102,0.0009,0.0001,0.0150,0.0158,0.0260,0.0012,0.0047,0.0253,0.0202,0.0036,0.0252,0.0103,0.0094,0.0002,0.0101,0.0166,0.0281,0.0333,0.0094,0.0140,0.0116,0.0061
274,0.0140,0.0038,0.0125,0.0000,0.0225,0.0030,0.0102,0.0009,0.0001,0.0150,0.0158,0.0260,0.0012,0.0047,0.0253,0.0203,0.0036,0.0252,0.0103,0.0094,0.0002,0.0101,0.0166,0.0282,0.0333,0.0094,0.0141,0.0116,0.0061
275,0.0139,0.0038,0.0125,0.0000,0.0226,0.0030,0.0103,0.0009,0.0002,0.0150,0.0159,0.0260,0.0012,0.0047,0.0253,0.0204,0.0036,0.0252,0.0103,0.0095,0.0002,0.0101,0.0166,0.0282,0.0333,0.0094,0.0141,0.0116,0.0062
276,0.0139,0.0039,0.0125,0.0000,0.0226,0.0031,0.0103,0.0009,0.0002,0.0150,0.0159,0.0260,0.0012,0.0047,0.0253,0.0204,0.0036,0.0252,0.0103,0.0095,0.0002,0.0101,0.0166,0.0282,0.0333,0.0094,0.0142,0.0116,0.0062
277,0.0139,0.0039,0.0125,0.0000,0.0226,0.0031,0.0103,0.0009,0.0002,0.0151,0.0160,0.0261,0.0012,0.0047,0.0253,0.0205,0.0036,0.0252,0.0104,0.0095,0.0002,0.0101,0.0166,0.0282,0.0333,0.0094,0.0142,0.0116,0.0062
278,0.0139,0.0039,0.0125,0.0000,0.0226,0.0031,0.0103,0.0009,0.0002,0.0151,0.0161,0.0261,0.0012,0.0047,0.0253,0.0205,0.0036,0.0252,0.0104,0.0095,0.0002,0.0101,0.0166,0.0282,0.0333,0.0094,0.0143,0.0116,0.0063
279,0.0139,0.0039,0.0125,0.0000,0.0226,0.0031,0.0103,0.0009,0.0002,0.0151,0.0161,0.0261,0.0012,0.0047,0.0253,0.0206,0.0036,0.0252,0.0104,0.0095,0.0002,0.0101,0.0166,0.0282,0.0333,0.0094,0.0143,0.0116,0.0063
280,0.0139,0.0039,0.0125,0.0000,0.0226,0.0031,0.0104,0.0010,0.0002,0.0151,0.0162,0.0261,0.0012,0.0047,0.0253,0.0206,0.0036,0.0252,0.0105,0.0095,0.0002,0.0101,0.0166,0.0282,0.0333,0.0094,0.0143,0.0116,0.0063
281,0.0138,0.0039,0.0125,0.0000,0.0226,0.0031,0.0104,0.0010,0.0002,0.0151,0.0162,0.0261,0.0012,0.0047,0.0253,0.0207,0.0036,0.0252,0.0105,0.0095,0.0002,0.0101,0.0166,0.0282,0.0333,0.0094,0.0144,0.0116,0.0064
282,0.0138,0.0039,0.0125,0.0000,0.0226,0.0031,0.0104,0.0010,0.0002,0.0151,0.0163,0.0261,0.0012,0.0047,0.0253,0.0208,0.0036,0.0252,0.0105,0.0095,0.0002,0.0101,0.0166,0.0282,0.0333,0.0094,0.0144,0.0116,0.0064
283,0.0138,0.0039,0.0125,0.0000,0.0226,0.0031,0.0104,0.0010,0.0002,0.0151,0.0163,0.0261,0.0012,0.0047,0.0253,0.0208,0.0036,0.0252,0.0105,0.0096,0.0002,0.0101,0.0166,0.0282,0.0333,0.0094,0.0145,0.0116,0.0064
284,0.0138,0.0039,0.0125,0.0000,0.0226,0.0031,0.0105,0.0010,0.0002,0.0152,0.0164,0.0261,0.0012,0.0047,0.0252,0.0209,0.0037,0.0252,0.0106,0.0096,0.0003,0.0101,0.0166,0.0282,0.0333,0.0094,0.0145,0.0116,0.0065
285,0.0138,0.0039,0.0126,0.0000,0.0226,0.0031,0.0105,0.0010,0.0002,0.0152,0.0164,0.0262,0.0012,0.0048,0.0252,0.0209,0.0037,0.0252,0.0106,0.0096,0.0003,0.0101,0.0166,0.0282,0.0333,0.0094,0.0145,0.0116,0.0065
286,0.0138,0.0039,0.0126,0.0000,0.0226,0.0032,0.0105,0.0010,0.0002,0.0152,0.0164,0.0262,0.0012,0.0048,0.0252,0.0210,0.0037,0.0252,0.0106,0.0096,0.0003,0.0101,0.0166,0.0282,0.0333,0.0094,0.0146,0.0116,0.0065
287,0.0138,0.0039,0.0126,0.0000,0.0227,0.0032,0.0105,0.0010,0.0002,0.0152,0.0165,0.0262,0.0012,0.0048,0.0252,0.0210,0.0037,0.0252,0.0107,0.0096,0.0003,0.0101,0.0166,0.0282,0.0333,0.0094,0.0146,0.0116,0.0066
288,0.0137,0.0039,0.0126,0.0000,0.0227,0.0032,0.0105,0.0010,0.0002,0.0152,0.0165,0.0262,0.0012,0.0048,0.0252,0.0210,0.0037,0.0252,0.0107,0.0096,0.0003,0.0101,0.0166,0.0282,0.0333,0.0094,0.0146,0.0116,0.0066
289,0.0137,0.0039,0.0126,0.0000,0.0227,0.0032,0.0106,0.0010,0.0002,0.0152,0.0166,0.0262,0.0012,0.0048,0.0252,0.0211,0.0037,0.0252,0.0107,0.0096,0.0003,0.0101,0.0166,0.0282,0.0333,0.0094,0.0147,0.0116,0.0066
290,0.0137,0.0039,0.0126,0.0000,0.0227,0.0032,0.0106,0.0010,0.0002,0.0152,0.0166,0.0262,0.0013,0.0048,0.0252,0.0211,0.0037,0.0252,0.0108,0.0096,0.0003,0.0101,0.0166,0.0282,0.0333,0.0094,0.0147,0.0116,0.0066
291,0.0137,0.0039,0.0126,0.0000,0.0227,0.0032,0.0106,0.0010,0.0002,0.0153,0.0167,0.0262,0.0013,0.0048,0.0252,0.0212,0.0037,0.0252,0.0108,0.0097,0.0003,0.0101,0.0166,0.0282,0.0333,0.0094,0.0148,0.0116,0.0067
292,0.0137,0.0039,0.0126,0.0000,0.0227,0.0032,0.0106,0.0010,0.0002,0.0153,0.0167,0.0262,0.0013,0.0048,0.0252,0.0212,0.0037,0.0252,0.0108,0.0097,0.0003,0.0101,0.0166,0.0282,0.0333,0.0094,0.0148,0.0116,0.0067
293,0.0137,0.0040,0.0126,0.0000,0.0227,0.0032,0.0106,0.0010,0.0002,0.0153,0.0167,0.0262,0.0013,0.0048,0.0252,0.0213,0.0037,0.0252,0.0109,0.0097,0.0003,0.0101,0.0166,0.0282,0.0333,0.0094,0.0148,0.0116,0.0067
294,0.0137,0.0040,0.0126,0.0000,0.0227,0.0032,0.0107,0.0010,0.0002,0.0153,0.0168,0.0262,0.0013,0.0048,0.0252,0.0213,0.0037,0.0252,0.0109,0.0097,0.0003,0.0101,0.0166,0.0282,0.0333,0.0094,0.0149,0.0116,0.0068
295,0.0136,0.0040,0.0126,0.0000,0.0227,0.0032,0.0107,0.0010,0.0002,0.0153,0.0168,0.0262,0.0013,0.0048,0.0252,0.0214,0.0037,0.0252,0.0109,0.0097,0.0003,0.0101,0.0166,0.0282,0.0333,0.0094,0.0149,0.0116,0.0068
296,0.0136,0.0040,0.0126,0.0000,0.0227,0.0033,0.0107,0.0011,0.0002,0.0153,0.0169,0.0263,0.0013,0.0048,0.0252,0.0214,0.0037,0.0252,0.0110,0.0097,0.0003,0.0101,0.0166,0.0282,0.0333,0.0094,0.0149,0.0116,0.0068
297,0.0136,0.0040,0.0126,0.0000,0.0227,0.0033,0.0107,0.0011,0.0002,0.0153,0.0169,0.0263,0.0013,0.0048,0.0251,0.0214,0.0038,0.0252,0.0110,0.0097,0.0003,0.0101,0.0166,0.0282,0.0333,0.0094,0.0150,0.0116,0.0069
298,0.0136,0.0040,0.0126,0.0000,0.0227,0.0033,0.0107,0.0011,0.0002,0.0153,0.0169,0.0263,0.0013,0.0048,0.0251,0.0215,0.0038,0.0252,0.0110,0.0097,0.0003,0.0101,0.0166,0.0282,0.0333,0.0094,0.0150,0.0116,0.0069
299,0.0136,0.0040,0.0127,0.0000,0.0228,0.0033,0.0108,0.0011,0.0002,0.0153,0.0170,0.0263,0.0013,0.0048,0.0251,0.0215,0.0038,0.0252,0.0111,0.0097,0.0003,0.0101,0.0166,0.0282,0.0333,0.0094,0.0150,0.0117,0.0069
